Timestamp,FractionalDate,UncorrectedCountRate[cts/min],CorrectedCountRate[cts/min],Pressure[mbar]
2026-01-01T00:00:00Z,1.0000000,5688,5628,998.32
2026-01-01T01:00:00Z,1.0416667,5742,5661,997.84
2026-01-01T02:00:00Z,1.0833333,5758,5646,997.08
2026-01-01T03:00:00Z,1.1250000,5799,5668,996.65
2026-01-01T04:00:00Z,1.1666667,5802,5654,996.25
2026-01-01T05:00:00Z,1.2083333,5808,5635,995.66
2026-01-01T06:00:00Z,1.2500000,5858,5684,995.67
2026-01-01T07:00:00Z,1.2916667,5828,5648,995.50
2026-01-01T08:00:00Z,1.3333333,5870,5679,995.26
2026-01-01T09:00:00Z,1.3750000,5844,5645,995.08
2026-01-01T10:00:00Z,1.4166667,5878,5682,995.17
2026-01-01T11:00:00Z,1.4583333,5860,5665,995.16
2026-01-01T12:00:00Z,1.5000000,5900,5701,995.11
2026-01-01T13:00:00Z,1.5416667,5889,5682,994.89
2026-01-01T14:00:00Z,1.5833333,5878,5659,994.59
2026-01-01T15:00:00Z,1.6250000,5896,5679,994.67
2026-01-01T16:00:00Z,1.6666667,5860,5651,994.83
2026-01-01T17:00:00Z,1.7083333,5888,5682,994.93
2026-01-01T18:00:00Z,1.7500000,5804,5605,995.02
2026-01-01T19:00:00Z,1.7916667,5797,5605,995.19
2026-01-01T20:00:00Z,1.8333333,5809,5616,995.17
2026-01-01T21:00:00Z,1.8750000,5791,5600,995.21
2026-01-01T22:00:00Z,1.9166667,5775,5597,995.52
2026-01-01T23:00:00Z,1.9583333,5783,5613,995.71
2026-01-02T00:00:00Z,2.0000000,5777,5607,995.70
2026-01-02T01:00:00Z,2.0416667,5796,5621,995.59
2026-01-02T02:00:00Z,2.0833333,5798,5629,995.74
2026-01-02T03:00:00Z,2.1250000,5783,5616,995.80
2026-01-02T04:00:00Z,2.1666667,5800,5639,995.94
2026-01-02T05:00:00Z,2.2083333,5781,5626,996.08
2026-01-02T06:00:00Z,2.2500000,5781,5644,996.51
2026-01-02T07:00:00Z,2.2916667,5774,5656,996.95
2026-01-02T08:00:00Z,2.3333333,5779,5675,997.29
2026-01-02T09:00:00Z,2.3750000,5742,5642,997.37
2026-01-02T10:00:00Z,2.4166667,5781,5685,997.47
2026-01-02T11:00:00Z,2.4583333,5730,5641,997.65
2026-01-02T12:00:00Z,2.5000000,5728,5647,997.81
2026-01-02T13:00:00Z,2.5416667,5764,5677,997.68
2026-01-02T14:00:00Z,2.5833333,5745,5667,997.89
2026-01-02T15:00:00Z,2.6250000,5722,5647,997.97
2026-01-02T16:00:00Z,2.6666667,5712,5634,997.91
2026-01-02T17:00:00Z,2.7083333,5702,5628,997.98
2026-01-02T18:00:00Z,2.7500000,5675,5607,998.11
2026-01-02T19:00:00Z,2.7916667,5671,5616,998.41
2026-01-02T20:00:00Z,2.8333333,5664,5620,998.69
2026-01-02T21:00:00Z,2.8750000,5641,5594,998.62
2026-01-02T22:00:00Z,2.9166667,5644,5596,998.57
2026-01-02T23:00:00Z,2.9583333,5672,5622,998.55
2026-01-03T00:00:00Z,3.0000000,5652,5606,998.64
2026-01-03T01:00:00Z,3.0416667,5643,5600,998.70
2026-01-03T02:00:00Z,3.0833333,5629,5587,998.74
2026-01-03T03:00:00Z,3.1250000,5627,5593,998.91
2026-01-03T04:00:00Z,3.1666667,5618,5583,998.88
2026-01-03T05:00:00Z,3.2083333,5625,5597,999.07
2026-01-03T06:00:00Z,3.2500000,5608,5586,999.21
2026-01-03T07:00:00Z,3.2916667,5587,5594,999.89
2026-01-03T08:00:00Z,3.3333333,5567,5597,1000.48
2026-01-03T09:00:00Z,3.3750000,5551,5591,1000.71
2026-01-03T10:00:00Z,3.4166667,5565,5605,1000.71
2026-01-03T11:00:00Z,3.4583333,5593,5636,1000.78
2026-01-03T12:00:00Z,3.5000000,5575,5642,1001.37
2026-01-03T13:00:00Z,3.5416667,5532,5619,1001.85
2026-01-03T14:00:00Z,3.5833333,5534,5630,1002.07
2026-01-03T15:00:00Z,3.6250000,5494,5602,1002.39
2026-01-03T16:00:00Z,3.6666667,5544,5663,1002.63
2026-01-03T17:00:00Z,3.7083333,5529,5660,1002.91
2026-01-03T18:00:00Z,3.7500000,5502,5649,1003.30
2026-01-03T19:00:00Z,3.7916667,5481,5646,1003.74
2026-01-03T20:00:00Z,3.8333333,5463,5644,1004.15
2026-01-03T21:00:00Z,3.8750000,5449,5647,1004.55
2026-01-03T22:00:00Z,3.9166667,5454,5643,1004.34
2026-01-03T23:00:00Z,3.9583333,5436,5623,1004.32
2026-01-04T00:00:00Z,4.0000000,5424,5606,1004.19
2026-01-04T01:00:00Z,4.0416667,5406,5590,1004.27
2026-01-04T02:00:00Z,4.0833333,5410,5593,1004.25
2026-01-04T03:00:00Z,4.1250000,5403,5582,1004.14
2026-01-04T04:00:00Z,4.1666667,5425,5608,1004.23
2026-01-04T05:00:00Z,4.2083333,5401,5589,1004.37
2026-01-04T06:00:00Z,4.2500000,5398,5586,1004.38
2026-01-04T07:00:00Z,4.2916667,5386,5582,1004.57
2026-01-04T08:00:00Z,4.3333333,5381,5588,1004.84
2026-01-04T09:00:00Z,4.3750000,5375,5586,1004.94
2026-01-04T10:00:00Z,4.4166667,5386,5597,1004.94
2026-01-04T11:00:00Z,4.4583333,5379,5579,1004.66
2026-01-04T12:00:00Z,4.5000000,5362,5567,1004.81
2026-01-04T13:00:00Z,4.5416667,5364,5576,1004.98
2026-01-04T14:00:00Z,4.5833333,5431,5641,1004.88
2026-01-04T15:00:00Z,4.6250000,5425,5630,1004.75
2026-01-04T16:00:00Z,4.6666667,5405,5609,1004.75
2026-01-04T17:00:00Z,4.7083333,5402,5612,1004.88
2026-01-04T18:00:00Z,4.7500000,5415,5619,1004.74
2026-01-04T19:00:00Z,4.7916667,5385,5588,1004.73
2026-01-04T20:00:00Z,4.8333333,5395,5609,1004.98
2026-01-04T21:00:00Z,4.8750000,5413,5621,1004.84
2026-01-04T22:00:00Z,4.9166667,5389,5601,1004.96
2026-01-04T23:00:00Z,4.9583333,5370,5578,1004.87
2026-01-05T00:00:00Z,5.0000000,5375,5582,1004.83
2026-01-05T01:00:00Z,5.0416667,5384,5583,1004.64
2026-01-05T02:00:00Z,5.0833333,5375,5573,1004.62
2026-01-05T03:00:00Z,5.1250000,5378,5579,1004.69
2026-01-05T04:00:00Z,5.1666667,5383,5591,1004.86
2026-01-05T05:00:00Z,5.2083333,5385,5593,1004.85
2026-01-05T06:00:00Z,5.2500000,5390,5606,1005.06
2026-01-05T07:00:00Z,5.2916667,5407,5646,1005.59
2026-01-05T08:00:00Z,5.3333333,5367,5623,1006.05
2026-01-05T09:00:00Z,5.3750000,5386,5666,1006.57
2026-01-05T10:00:00Z,5.4166667,5353,5647,1006.99
2026-01-05T11:00:00Z,5.4583333,5353,5650,1007.05
2026-01-05T12:00:00Z,5.5000000,5321,5648,1007.79
2026-01-05T13:00:00Z,5.5416667,5312,5653,1008.15
2026-01-05T14:00:00Z,5.5833333,5255,5610,1008.58
2026-01-05T15:00:00Z,5.6250000,5252,5623,1008.97
2026-01-05T16:00:00Z,5.6666667,5190,5582,1009.58
2026-01-05T17:00:00Z,5.7083333,5175,5585,1010.06
2026-01-05T18:00:00Z,5.7500000,5164,5598,1010.63
2026-01-05T19:00:00Z,5.7916667,5111,5570,1011.37
2026-01-05T20:00:00Z,5.8333333,5114,5605,1012.12
2026-01-05T21:00:00Z,5.8750000,5061,5579,1012.92
2026-01-05T22:00:00Z,5.9166667,5011,5548,1013.50
2026-01-05T23:00:00Z,5.9583333,4963,5524,1014.22
2026-01-06T00:00:00Z,6.0000000,4957,5539,1014.75
2026-01-06T01:00:00Z,6.0416667,4928,5538,1015.49
2026-01-06T02:00:00Z,6.0833333,4912,5542,1016.05
2026-01-06T03:00:00Z,6.1250000,4909,5562,1016.63
2026-01-06T04:00:00Z,6.1666667,4906,5579,1017.13
2026-01-06T05:00:00Z,6.2083333,4845,5539,1017.84
2026-01-06T06:00:00Z,6.2500000,4847,5572,1018.60
2026-01-06T07:00:00Z,6.2916667,4787,5538,1019.43
2026-01-06T08:00:00Z,6.3333333,4802,5584,1020.13
2026-01-06T09:00:00Z,6.3750000,4777,5578,1020.70
2026-01-06T10:00:00Z,6.4166667,4776,5596,1021.14
2026-01-06T11:00:00Z,6.4583333,4746,5578,1021.57
2026-01-06T12:00:00Z,6.5000000,4744,5583,1021.74
2026-01-06T13:00:00Z,6.5416667,4729,5579,1022.08
2026-01-06T14:00:00Z,6.5833333,4746,5608,1022.29
2026-01-06T15:00:00Z,6.6250000,4734,5607,1022.60
2026-01-06T16:00:00Z,6.6666667,4722,5609,1023.00
2026-01-06T17:00:00Z,6.7083333,4705,5603,1023.37
2026-01-06T18:00:00Z,6.7500000,4709,5621,1023.67
2026-01-06T19:00:00Z,6.7916667,4692,5620,1024.12
2026-01-06T20:00:00Z,6.8333333,4682,5619,1024.40
2026-01-06T21:00:00Z,6.8750000,4676,5611,1024.38
2026-01-06T22:00:00Z,6.9166667,4671,5608,1024.45
2026-01-06T23:00:00Z,6.9583333,4698,5639,1024.42
2026-01-07T00:00:00Z,7.0000000,4662,5595,1024.39
2026-01-07T01:00:00Z,7.0416667,4652,5583,1024.40
2026-01-07T02:00:00Z,7.0833333,4636,5563,1024.39
2026-01-07T03:00:00Z,7.1250000,4655,5582,1024.30
2026-01-07T04:00:00Z,7.1666667,4667,5595,1024.25
2026-01-07T05:00:00Z,7.2083333,4640,5565,1024.29
2026-01-07T06:00:00Z,7.2500000,4651,5576,1024.26
2026-01-07T07:00:00Z,7.2916667,4693,5623,1024.18
2026-01-07T08:00:00Z,7.3333333,4685,5612,1024.13
2026-01-07T09:00:00Z,7.3750000,4702,5630,1024.07
2026-01-07T10:00:00Z,7.4166667,4694,5605,1023.72
2026-01-07T11:00:00Z,7.4583333,4722,5625,1023.40
2026-01-07T12:00:00Z,7.5000000,4762,5661,1023.11
2026-01-07T13:00:00Z,7.5416667,4719,5601,1022.90
2026-01-07T14:00:00Z,7.5833333,4732,5610,1022.76
2026-01-07T15:00:00Z,7.6250000,4777,5656,1022.58
2026-01-07T16:00:00Z,7.6666667,4734,5607,1022.60
2026-01-07T17:00:00Z,7.7083333,4781,5664,1022.64
2026-01-07T18:00:00Z,7.7500000,4735,5611,1022.69
2026-01-07T19:00:00Z,7.7916667,4783,5670,1022.73
2026-01-07T20:00:00Z,7.8333333,4796,5687,1022.76
2026-01-07T21:00:00Z,7.8750000,4793,5679,1022.68
2026-01-07T22:00:00Z,7.9166667,4781,5672,1022.84
2026-01-07T23:00:00Z,7.9583333,4786,5683,1022.95
2026-01-08T00:00:00Z,8.0000000,4797,5696,1022.94
2026-01-08T01:00:00Z,8.0416667,4776,5678,1023.11
2026-01-08T02:00:00Z,8.0833333,4785,5698,1023.36
2026-01-08T03:00:00Z,8.1250000,4746,5671,1023.80
2026-01-08T04:00:00Z,8.1666667,4727,5653,1023.92
2026-01-08T05:00:00Z,8.2083333,4725,5663,1024.22
2026-01-08T06:00:00Z,8.2500000,4706,5662,1024.72
2026-01-08T07:00:00Z,8.2916667,4704,5671,1025.00
2026-01-08T08:00:00Z,8.3333333,4703,5677,1025.17
2026-01-08T09:00:00Z,8.3750000,4681,5665,1025.54
2026-01-08T10:00:00Z,8.4166667,4688,5692,1025.97
2026-01-08T11:00:00Z,8.4583333,4673,5684,1026.21
2026-01-08T12:00:00Z,8.5000000,4682,5692,1026.14
2026-01-08T13:00:00Z,8.5416667,4678,5699,1026.43
2026-01-08T14:00:00Z,8.5833333,4635,5661,1026.75
2026-01-08T15:00:00Z,8.6250000,4615,5639,1026.83
2026-01-08T16:00:00Z,8.6666667,4615,5657,1027.26
2026-01-08T17:00:00Z,8.7083333,4624,5671,1027.31
2026-01-08T18:00:00Z,8.7500000,4612,5655,1027.32
2026-01-08T19:00:00Z,8.7916667,4569,5628,1027.91
2026-01-08T20:00:00Z,8.8333333,4572,5645,1028.22
2026-01-08T21:00:00Z,8.8750000,4594,5668,1028.13
2026-01-08T22:00:00Z,8.9166667,4559,5630,1028.24
2026-01-08T23:00:00Z,8.9583333,4590,5662,1028.12
2026-01-09T00:00:00Z,9.0000000,4573,5645,1028.21
2026-01-09T01:00:00Z,9.0416667,4592,5669,1028.21
2026-01-09T02:00:00Z,9.0833333,4584,5667,1028.42
2026-01-09T03:00:00Z,9.1250000,4574,5662,1028.58
2026-01-09T04:00:00Z,9.1666667,4562,5643,1028.48
2026-01-09T05:00:00Z,9.2083333,4583,5665,1028.39
2026-01-09T06:00:00Z,9.2500000,4590,5678,1028.47
2026-01-09T07:00:00Z,9.2916667,4589,5691,1028.83
2026-01-09T08:00:00Z,9.3333333,4592,5697,1028.88
2026-01-09T09:00:00Z,9.3750000,4590,5694,1028.85
2026-01-09T10:00:00Z,9.4166667,4575,5668,1028.69
2026-01-09T11:00:00Z,9.4583333,4577,5666,1028.57
2026-01-09T12:00:00Z,9.5000000,4592,5679,1028.46
2026-01-09T13:00:00Z,9.5416667,4601,5685,1028.32
2026-01-09T14:00:00Z,9.5833333,4600,5684,1028.34
2026-01-09T15:00:00Z,9.6250000,4611,5690,1028.18
2026-01-09T16:00:00Z,9.6666667,4632,5704,1027.88
2026-01-09T17:00:00Z,9.7083333,4626,5676,1027.40
2026-01-09T18:00:00Z,9.7500000,4633,5662,1026.85
2026-01-09T19:00:00Z,9.7916667,4659,5689,1026.74
2026-01-09T20:00:00Z,9.8333333,4641,5665,1026.67
2026-01-09T21:00:00Z,9.8750000,4640,5650,1026.36
2026-01-09T22:00:00Z,9.9166667,4667,5666,1025.97
2026-01-09T23:00:00Z,9.9583333,4679,5674,1025.81
2026-01-10T00:00:00Z,10.0000000,4656,5624,1025.27
2026-01-10T01:00:00Z,10.0416667,4659,5631,1025.36
2026-01-10T02:00:00Z,10.0833333,4681,5639,1024.91
2026-01-10T03:00:00Z,10.1250000,4700,5636,1024.29
2026-01-10T04:00:00Z,10.1666667,4742,5667,1023.84
2026-01-10T05:00:00Z,10.2083333,4741,5653,1023.53
2026-01-10T06:00:00Z,10.2500000,4748,5662,1023.55
2026-01-10T07:00:00Z,10.2916667,4768,5679,1023.36
2026-01-10T08:00:00Z,10.3333333,4730,5631,1023.29
2026-01-10T09:00:00Z,10.3750000,4778,5676,1023.02
2026-01-10T10:00:00Z,10.4166667,4774,5649,1022.49
2026-01-10T11:00:00Z,10.4583333,4771,5641,1022.38
2026-01-10T12:00:00Z,10.5000000,4787,5648,1022.08
2026-01-10T13:00:00Z,10.5416667,4779,5632,1021.95
2026-01-10T14:00:00Z,10.5833333,4768,5623,1022.04
2026-01-10T15:00:00Z,10.6250000,4760,5613,1022.00
2026-01-10T16:00:00Z,10.6666667,4760,5605,1021.81
2026-01-10T17:00:00Z,10.7083333,4767,5606,1021.64
2026-01-10T18:00:00Z,10.7500000,4772,5594,1021.23
2026-01-10T19:00:00Z,10.7916667,4779,5611,1021.44
2026-01-10T20:00:00Z,10.8333333,4764,5596,1021.51
2026-01-10T21:00:00Z,10.8750000,4784,5620,1021.51
2026-01-10T22:00:00Z,10.9166667,4765,5593,1021.40
2026-01-10T23:00:00Z,10.9583333,4773,5598,1021.29
2026-01-11T00:00:00Z,11.0000000,4750,5575,1021.38
2026-01-11T01:00:00Z,11.0416667,4735,5561,1021.48
2026-01-11T02:00:00Z,11.0833333,4710,5528,1021.39
2026-01-11T03:00:00Z,11.1250000,4724,5540,1021.29
2026-01-11T04:00:00Z,11.1666667,4720,5534,1021.23
2026-01-11T05:00:00Z,11.2083333,4759,5573,1021.06
2026-01-11T06:00:00Z,11.2500000,4706,5516,1021.21
2026-01-11T07:00:00Z,11.2916667,4675,5498,1021.66
2026-01-11T08:00:00Z,11.3333333,4670,5506,1021.99
2026-01-11T09:00:00Z,11.3750000,4654,5498,1022.25
2026-01-11T10:00:00Z,11.4166667,4663,5508,1022.24
2026-01-11T11:00:00Z,11.4583333,4683,5525,1022.08
2026-01-11T12:00:00Z,11.5000000,4685,5538,1022.36
2026-01-11T13:00:00Z,11.5416667,4714,5587,1022.70
2026-01-11T14:00:00Z,11.5833333,4702,5580,1022.86
2026-01-11T15:00:00Z,11.6250000,4674,5555,1023.08
2026-01-11T16:00:00Z,11.6666667,4652,5536,1023.26
2026-01-11T17:00:00Z,11.7083333,4639,5528,1023.43
2026-01-11T18:00:00Z,11.7500000,4658,5559,1023.64
2026-01-11T19:00:00Z,11.7916667,4633,5541,1023.93
2026-01-11T20:00:00Z,11.8333333,4609,5517,1024.03
2026-01-11T21:00:00Z,11.8750000,4560,5463,1024.15
2026-01-11T22:00:00Z,11.9166667,4552,5451,1024.10
2026-01-11T23:00:00Z,11.9583333,4562,5460,1024.02
2026-01-12T00:00:00Z,12.0000000,4562,5454,1023.86
2026-01-12T01:00:00Z,12.0416667,4590,5483,1023.77
2026-01-12T02:00:00Z,12.0833333,4579,5472,1023.82
2026-01-12T03:00:00Z,12.1250000,4548,5436,1023.84
2026-01-12T04:00:00Z,12.1666667,4580,5473,1023.82
2026-01-12T05:00:00Z,12.2083333,4601,5489,1023.59
2026-01-12T06:00:00Z,12.2500000,4603,5492,1023.62
2026-01-12T07:00:00Z,12.2916667,4587,5481,1023.80
2026-01-12T08:00:00Z,12.3333333,4579,5468,1023.70
2026-01-12T09:00:00Z,12.3750000,4594,5472,1023.38
2026-01-12T10:00:00Z,12.4166667,4630,5509,1023.24
2026-01-12T11:00:00Z,12.4583333,4640,5518,1023.18
2026-01-12T12:00:00Z,12.5000000,4625,5502,1023.20
2026-01-12T13:00:00Z,12.5416667,4663,5551,1023.32
2026-01-12T14:00:00Z,12.5833333,4619,5500,1023.35
2026-01-12T15:00:00Z,12.6250000,4663,5548,1023.24
2026-01-12T16:00:00Z,12.6666667,4650,5530,1023.16
2026-01-12T17:00:00Z,12.7083333,4681,5565,1023.12
2026-01-12T18:00:00Z,12.7500000,4649,5523,1023.01
2026-01-12T19:00:00Z,12.7916667,4649,5520,1022.96
2026-01-12T20:00:00Z,12.8333333,4696,5571,1022.83
2026-01-12T21:00:00Z,12.8750000,4699,5569,1022.68
2026-01-12T22:00:00Z,12.9166667,4685,5550,1022.63
2026-01-12T23:00:00Z,12.9583333,4657,5511,1022.49
2026-01-13T00:00:00Z,13.0000000,4675,5527,1022.38
2026-01-13T01:00:00Z,13.0416667,4682,5536,1022.37
2026-01-13T02:00:00Z,13.0833333,4677,5532,1022.42
2026-01-13T03:00:00Z,13.1250000,4667,5516,1022.33
2026-01-13T04:00:00Z,13.1666667,4716,5573,1022.29
2026-01-13T05:00:00Z,13.2083333,4707,5563,1022.33
2026-01-13T06:00:00Z,13.2500000,4714,5570,1022.28
2026-01-13T07:00:00Z,13.2916667,4703,5568,1022.56
2026-01-13T08:00:00Z,13.3333333,4676,5551,1022.91
2026-01-13T09:00:00Z,13.3750000,4685,5562,1022.93
2026-01-13T10:00:00Z,13.4166667,4678,5550,1022.87
2026-01-13T11:00:00Z,13.4583333,4693,5561,1022.68
2026-01-13T12:00:00Z,13.5000000,4730,5602,1022.61
2026-01-13T13:00:00Z,13.5416667,4726,5601,1022.69
2026-01-13T14:00:00Z,13.5833333,4686,5554,1022.70
2026-01-13T15:00:00Z,13.6250000,4713,5579,1022.56
2026-01-13T16:00:00Z,13.6666667,4736,5601,1022.40
2026-01-13T17:00:00Z,13.7083333,4727,5588,1022.36
2026-01-13T18:00:00Z,13.7500000,4709,5571,1022.45
2026-01-13T19:00:00Z,13.7916667,4729,5589,1022.32
2026-01-13T20:00:00Z,13.8333333,4686,5542,1022.42
2026-01-13T21:00:00Z,13.8750000,4698,5558,1022.46
2026-01-13T22:00:00Z,13.9166667,4691,5547,1022.40
2026-01-13T23:00:00Z,13.9583333,4717,5563,1022.06
2026-01-14T00:00:00Z,14.0000000,4726,5563,1021.77
2026-01-14T01:00:00Z,14.0416667,4753,5582,1021.49
2026-01-14T02:00:00Z,14.0833333,4745,5557,1021.09
2026-01-14T03:00:00Z,14.1250000,4748,5544,1020.69
2026-01-14T04:00:00Z,14.1666667,4780,5562,1020.22
2026-01-14T05:00:00Z,14.2083333,4760,5531,1020.04
2026-01-14T06:00:00Z,14.2500000,4783,5551,1019.89
2026-01-14T07:00:00Z,14.2916667,4818,5597,1019.99
2026-01-14T08:00:00Z,14.3333333,4799,5581,1020.13
2026-01-14T09:00:00Z,14.3750000,4829,5615,1020.12
2026-01-14T10:00:00Z,14.4166667,4838,5607,1019.67
2026-01-14T11:00:00Z,14.4583333,4900,5654,1019.09
2026-01-14T12:00:00Z,14.5000000,4925,5661,1018.55
2026-01-14T13:00:00Z,14.5416667,4927,5644,1018.10
2026-01-14T14:00:00Z,14.5833333,4946,5654,1017.81
2026-01-14T15:00:00Z,14.6250000,4922,5623,1017.74
2026-01-14T16:00:00Z,14.6666667,4941,5622,1017.18
2026-01-14T17:00:00Z,14.7083333,4920,5590,1016.98
2026-01-14T18:00:00Z,14.7500000,4919,5579,1016.76
2026-01-14T19:00:00Z,14.7916667,4915,5572,1016.70
2026-01-14T20:00:00Z,14.8333333,4951,5612,1016.67
2026-01-14T21:00:00Z,14.8750000,4943,5596,1016.50
2026-01-14T22:00:00Z,14.9166667,4923,5581,1016.70
2026-01-14T23:00:00Z,14.9583333,4932,5585,1016.56
2026-01-15T00:00:00Z,15.0000000,4925,5569,1016.35
2026-01-15T01:00:00Z,15.0416667,4981,5629,1016.29
2026-01-15T02:00:00Z,15.0833333,4963,5604,1016.15
2026-01-15T03:00:00Z,15.1250000,4965,5600,1016.02
2026-01-15T04:00:00Z,15.1666667,4953,5593,1016.17
2026-01-15T05:00:00Z,15.2083333,4977,5618,1016.12
2026-01-15T06:00:00Z,15.2500000,4973,5612,1016.06
2026-01-15T07:00:00Z,15.2916667,4977,5618,1016.10
2026-01-15T08:00:00Z,15.3333333,4971,5622,1016.38
2026-01-15T09:00:00Z,15.3750000,4994,5650,1016.41
2026-01-15T10:00:00Z,15.4166667,4977,5632,1016.46
2026-01-15T11:00:00Z,15.4583333,4967,5621,1016.45
2026-01-15T12:00:00Z,15.5000000,5002,5655,1016.32
2026-01-15T13:00:00Z,15.5416667,4993,5644,1016.31
2026-01-15T14:00:00Z,15.5833333,4979,5638,1016.56
2026-01-15T15:00:00Z,15.6250000,4961,5621,1016.61
2026-01-15T16:00:00Z,15.6666667,4964,5627,1016.70
2026-01-15T17:00:00Z,15.7083333,4940,5605,1016.80
2026-01-15T18:00:00Z,15.7500000,4940,5609,1016.93
2026-01-15T19:00:00Z,15.7916667,4939,5614,1017.06
2026-01-15T20:00:00Z,15.8333333,4938,5622,1017.25
2026-01-15T21:00:00Z,15.8750000,4926,5614,1017.41
2026-01-15T22:00:00Z,15.9166667,4885,5582,1017.75
2026-01-15T23:00:00Z,15.9583333,4938,5641,1017.74
2026-01-16T00:00:00Z,16.0000000,4913,5627,1018.09
2026-01-16T01:00:00Z,16.0416667,4902,5631,1018.48
2026-01-16T02:00:00Z,16.0833333,4886,5623,1018.75
2026-01-16T03:00:00Z,16.1250000,4872,5613,1018.87
2026-01-16T04:00:00Z,16.1666667,4885,5629,1018.91
2026-01-16T05:00:00Z,16.2083333,4847,5588,1018.97
2026-01-16T06:00:00Z,16.2500000,4873,5627,1019.16
2026-01-16T07:00:00Z,16.2916667,4855,5610,1019.28
2026-01-16T08:00:00Z,16.3333333,4840,5604,1019.55
2026-01-16T09:00:00Z,16.3750000,4858,5643,1019.99
2026-01-16T10:00:00Z,16.4166667,4866,5656,1020.08
2026-01-16T11:00:00Z,16.4583333,4852,5648,1020.28
2026-01-16T12:00:00Z,16.5000000,4832,5628,1020.34
2026-01-16T13:00:00Z,16.5416667,4828,5622,1020.33
2026-01-16T14:00:00Z,16.5833333,4844,5638,1020.25
2026-01-16T15:00:00Z,16.6250000,4848,5640,1020.19
2026-01-16T16:00:00Z,16.6666667,4820,5602,1020.06
2026-01-16T17:00:00Z,16.7083333,4833,5610,1019.89
2026-01-16T18:00:00Z,16.7500000,4806,5582,1019.96
2026-01-16T19:00:00Z,16.7916667,4807,5576,1019.80
2026-01-16T20:00:00Z,16.8333333,4827,5595,1019.69
2026-01-16T21:00:00Z,16.8750000,4833,5593,1019.48
2026-01-16T22:00:00Z,16.9166667,4820,5575,1019.39
2026-01-16T23:00:00Z,16.9583333,4827,5573,1019.16
2026-01-17T00:00:00Z,17.0000000,4793,5525,1018.96
2026-01-17T01:00:00Z,17.0416667,4807,5536,1018.84
2026-01-17T02:00:00Z,17.0833333,4820,5551,1018.82
2026-01-17T03:00:00Z,17.1250000,4783,5508,1018.83
2026-01-17T04:00:00Z,17.1666667,4831,5554,1018.60
2026-01-17T05:00:00Z,17.2083333,4835,5556,1018.55
2026-01-17T06:00:00Z,17.2500000,4840,5555,1018.36
2026-01-17T07:00:00Z,17.2916667,4853,5575,1018.49
2026-01-17T08:00:00Z,17.3333333,4831,5549,1018.48
2026-01-17T09:00:00Z,17.3750000,4843,5565,1018.52
2026-01-17T10:00:00Z,17.4166667,4863,5579,1018.31
2026-01-17T11:00:00Z,17.4583333,4852,5566,1018.30
2026-01-17T12:00:00Z,17.5000000,4845,5558,1018.31
2026-01-17T13:00:00Z,17.5416667,4842,5560,1018.42
2026-01-17T14:00:00Z,17.5833333,4829,5550,1018.54
2026-01-17T15:00:00Z,17.6250000,4836,5566,1018.74
2026-01-17T16:00:00Z,17.6666667,4814,5560,1019.19
2026-01-17T17:00:00Z,17.7083333,4788,5541,1019.50
2026-01-17T18:00:00Z,17.7500000,4781,5556,1020.05
2026-01-17T19:00:00Z,17.7916667,4745,5545,1020.82
2026-01-17T20:00:00Z,17.8333333,4701,5539,1021.92
2026-01-17T21:00:00Z,17.8750000,4703,5583,1022.93
2026-01-17T22:00:00Z,17.9166667,4675,5587,1023.82
2026-01-17T23:00:00Z,17.9583333,4644,5574,1024.43
2026-01-18T00:00:00Z,18.0000000,4637,5587,1024.92
2026-01-18T01:00:00Z,18.0416667,4622,5595,1025.56
2026-01-18T02:00:00Z,18.0833333,4579,5560,1025.97
2026-01-18T03:00:00Z,18.1250000,4563,5557,1026.35
2026-01-18T04:00:00Z,18.1666667,4547,5553,1026.76
2026-01-18T05:00:00Z,18.2083333,4524,5542,1027.16
2026-01-18T06:00:00Z,18.2500000,4531,5568,1027.62
2026-01-18T07:00:00Z,18.2916667,4494,5555,1028.38
2026-01-18T08:00:00Z,18.3333333,4489,5567,1028.83
2026-01-18T09:00:00Z,18.3750000,4459,5545,1029.20
2026-01-18T10:00:00Z,18.4166667,4447,5536,1029.37
2026-01-18T11:00:00Z,18.4583333,4463,5565,1029.55
2026-01-18T12:00:00Z,18.5000000,4451,5555,1029.69
2026-01-18T13:00:00Z,18.5416667,4463,5569,1029.64
2026-01-18T14:00:00Z,18.5833333,4470,5582,1029.77
2026-01-18T15:00:00Z,18.6250000,4491,5618,1030.00
2026-01-18T16:00:00Z,18.6666667,4457,5587,1030.29
2026-01-18T17:00:00Z,18.7083333,4455,5588,1030.34
2026-01-18T18:00:00Z,18.7500000,4476,5614,1030.35
2026-01-18T19:00:00Z,18.7916667,4478,5613,1030.25
2026-01-18T20:00:00Z,18.8333333,4487,5628,1030.36
2026-01-18T21:00:00Z,18.8750000,4478,5615,1030.30
2026-01-18T22:00:00Z,18.9166667,4477,5611,1030.25
2026-01-18T23:00:00Z,18.9583333,4494,5629,1030.19
2026-01-19T00:00:00Z,19.0000000,4508,5640,1030.02
2026-01-19T01:00:00Z,19.0416667,4484,5610,1030.02
2026-01-19T02:00:00Z,19.0833333,4446,5554,1029.81
2026-01-19T03:00:00Z,19.1250000,4464,5577,1029.82
2026-01-19T04:00:00Z,19.1666667,4466,5573,1029.67
2026-01-19T05:00:00Z,19.2083333,4475,5586,1029.71
2026-01-19T06:00:00Z,19.2500000,4507,5623,1029.63
2026-01-19T07:00:00Z,19.2916667,4479,5594,1029.79
2026-01-19T08:00:00Z,19.3333333,4489,5611,1029.89
2026-01-19T09:00:00Z,19.3750000,4484,5605,1029.90
2026-01-19T10:00:00Z,19.4166667,4489,5612,1029.92
2026-01-19T11:00:00Z,19.4583333,4502,5619,1029.70
2026-01-19T12:00:00Z,19.5000000,4502,5613,1029.54
2026-01-19T13:00:00Z,19.5416667,4500,5600,1029.28
2026-01-19T14:00:00Z,19.5833333,4530,5634,1029.21
2026-01-19T15:00:00Z,19.6250000,4521,5616,1029.05
2026-01-19T16:00:00Z,19.6666667,4511,5595,1028.85
2026-01-19T17:00:00Z,19.7083333,4525,5607,1028.71
2026-01-19T18:00:00Z,19.7500000,4539,5618,1028.59
2026-01-19T19:00:00Z,19.7916667,4539,5619,1028.59
2026-01-19T20:00:00Z,19.8333333,4487,5544,1028.35
2026-01-19T21:00:00Z,19.8750000,4251,5248,1028.21
2026-01-19T22:00:00Z,19.9166667,3737,4602,1027.88
2026-01-19T23:00:00Z,19.9583333,3716,4577,1027.90
2026-01-20T00:00:00Z,20.0000000,3615,4445,1027.69
2026-01-20T01:00:00Z,20.0416667,3716,4562,1027.49
2026-01-20T02:00:00Z,20.0833333,3797,4659,1027.37
2026-01-20T03:00:00Z,20.1250000,3865,4731,1027.08
2026-01-20T04:00:00Z,20.1666667,3909,4787,1027.13
2026-01-20T05:00:00Z,20.2083333,3934,4813,1027.02
2026-01-20T06:00:00Z,20.2500000,3945,4824,1026.93
2026-01-20T07:00:00Z,20.2916667,3963,4842,1026.83
2026-01-20T08:00:00Z,20.3333333,3992,4890,1027.16
2026-01-20T09:00:00Z,20.3750000,3945,4833,1027.20
2026-01-20T10:00:00Z,20.4166667,3971,4863,1027.11
2026-01-20T11:00:00Z,20.4583333,3863,4722,1026.89
2026-01-20T12:00:00Z,20.5000000,3856,4714,1026.90
2026-01-20T13:00:00Z,20.5416667,3851,4714,1027.07
2026-01-20T14:00:00Z,20.5833333,3862,4730,1027.13
2026-01-20T15:00:00Z,20.6250000,3927,4806,1027.03
2026-01-20T16:00:00Z,20.6666667,3983,4869,1026.87
2026-01-20T17:00:00Z,20.7083333,3962,4831,1026.55
2026-01-20T18:00:00Z,20.7500000,3964,4833,1026.51
2026-01-20T19:00:00Z,20.7916667,3995,4870,1026.50
2026-01-20T20:00:00Z,20.8333333,4011,4886,1026.39
2026-01-20T21:00:00Z,20.8750000,4060,4949,1026.48
2026-01-20T22:00:00Z,20.9166667,4057,4948,1026.56
2026-01-20T23:00:00Z,20.9583333,4032,4921,1026.66
2026-01-21T00:00:00Z,21.0000000,4073,4972,1026.71
2026-01-21T01:00:00Z,21.0416667,4061,4957,1026.69
2026-01-21T02:00:00Z,21.0833333,4044,4936,1026.69
2026-01-21T03:00:00Z,21.1250000,4090,4985,1026.50
2026-01-21T04:00:00Z,21.1666667,4076,4970,1026.52
2026-01-21T05:00:00Z,21.2083333,4106,5003,1026.47
2026-01-21T06:00:00Z,21.2500000,4129,5042,1026.74
2026-01-21T07:00:00Z,21.2916667,4135,5056,1026.92
2026-01-21T08:00:00Z,21.3333333,4117,5039,1027.06
2026-01-21T09:00:00Z,21.3750000,4163,5097,1027.09
2026-01-21T10:00:00Z,21.4166667,4126,5056,1027.20
2026-01-21T11:00:00Z,21.4583333,4127,5057,1027.20
2026-01-21T12:00:00Z,21.5000000,4113,5043,1027.28
2026-01-21T13:00:00Z,21.5416667,4100,5037,1027.57
2026-01-21T14:00:00Z,21.5833333,4110,5051,1027.60
2026-01-21T15:00:00Z,21.6250000,4063,4983,1027.33
2026-01-21T16:00:00Z,21.6666667,4061,4974,1027.14
2026-01-21T17:00:00Z,21.7083333,4069,4990,1027.31
2026-01-21T18:00:00Z,21.7500000,4090,5018,1027.39
2026-01-21T19:00:00Z,21.7916667,4101,5032,1027.38
2026-01-21T20:00:00Z,21.8333333,4137,5076,1027.37
2026-01-21T21:00:00Z,21.8750000,4160,5105,1027.42
2026-01-21T22:00:00Z,21.9166667,4158,5098,1027.30
2026-01-21T23:00:00Z,21.9583333,4169,5104,1027.08
2026-01-22T00:00:00Z,22.0000000,4178,5102,1026.75
2026-01-22T01:00:00Z,22.0416667,4183,5114,1026.89
2026-01-22T02:00:00Z,22.0833333,4165,5089,1026.83
2026-01-22T03:00:00Z,22.1250000,4164,5090,1026.88
2026-01-22T04:00:00Z,22.1666667,4187,5115,1026.79
2026-01-22T05:00:00Z,22.2083333,4234,5162,1026.53
2026-01-22T06:00:00Z,22.2500000,4261,5198,1026.60
2026-01-22T07:00:00Z,22.2916667,4258,5201,1026.78
2026-01-22T08:00:00Z,22.3333333,4272,5225,1026.95
2026-01-22T09:00:00Z,22.3750000,4273,5223,1026.89
2026-01-22T10:00:00Z,22.4166667,4271,5220,1026.84
2026-01-22T11:00:00Z,22.4583333,4283,5223,1026.57
2026-01-22T12:00:00Z,22.5000000,4298,5236,1026.43
2026-01-22T13:00:00Z,22.5416667,4287,5222,1026.42
2026-01-22T14:00:00Z,22.5833333,4299,5237,1026.41
2026-01-22T15:00:00Z,22.6250000,4300,5238,1026.40
2026-01-22T16:00:00Z,22.6666667,4299,5233,1026.31
2026-01-22T17:00:00Z,22.7083333,4286,5214,1026.24
2026-01-22T18:00:00Z,22.7500000,4292,5213,1026.03
2026-01-22T19:00:00Z,22.7916667,4287,5209,1026.08
2026-01-22T20:00:00Z,22.8333333,4274,5191,1026.02
2026-01-22T21:00:00Z,22.8750000,4320,5249,1026.06
2026-01-22T22:00:00Z,22.9166667,4319,5245,1026.00
2026-01-22T23:00:00Z,22.9583333,4314,5242,1026.05
2026-01-23T00:00:00Z,23.0000000,4370,5300,1025.83
2026-01-23T01:00:00Z,23.0416667,4332,5244,1025.55
2026-01-23T02:00:00Z,23.0833333,4379,5292,1025.35
2026-01-23T03:00:00Z,23.1250000,4369,5281,1025.36
2026-01-23T04:00:00Z,23.1666667,4367,5275,1025.26
2026-01-23T05:00:00Z,23.2083333,4390,5298,1025.16
2026-01-23T06:00:00Z,23.2500000,4388,5295,1025.12
2026-01-23T07:00:00Z,23.2916667,4411,5331,1025.35
2026-01-23T08:00:00Z,23.3333333,4360,5279,1025.59
2026-01-23T09:00:00Z,23.3750000,4395,5320,1025.54
2026-01-23T10:00:00Z,23.4166667,4382,5300,1025.44
2026-01-23T11:00:00Z,23.4583333,4400,5318,1025.35
2026-01-23T12:00:00Z,23.5000000,4384,5295,1025.24
2026-01-23T13:00:00Z,23.5416667,4390,5303,1025.26
2026-01-23T14:00:00Z,23.5833333,4400,5314,1025.25
2026-01-23T15:00:00Z,23.6250000,4360,5265,1025.24
2026-01-23T16:00:00Z,23.6666667,4378,5281,1025.09
2026-01-23T17:00:00Z,23.7083333,4391,5292,1024.97
2026-01-23T18:00:00Z,23.7500000,4406,5303,1024.78
2026-01-23T19:00:00Z,23.7916667,4402,5295,1024.71
2026-01-23T20:00:00Z,23.8333333,4427,5321,1024.61
2026-01-23T21:00:00Z,23.8750000,4400,5294,1024.72
2026-01-23T22:00:00Z,23.9166667,4409,5304,1024.74
2026-01-23T23:00:00Z,23.9583333,4429,5320,1024.51
2026-01-24T00:00:00Z,24.0000000,4464,5348,1024.16
2026-01-24T01:00:00Z,24.0416667,4441,5312,1023.96
2026-01-24T02:00:00Z,24.0833333,4474,5345,1023.78
2026-01-24T03:00:00Z,24.1250000,4487,5338,1023.22
2026-01-24T04:00:00Z,24.1666667,4489,5333,1023.03
2026-01-24T05:00:00Z,24.2083333,4520,5359,1022.76
2026-01-24T06:00:00Z,24.2500000,4503,5334,1022.65
2026-01-24T07:00:00Z,24.2916667,4496,5335,1022.89
2026-01-24T08:00:00Z,24.3333333,4504,5345,1022.87
2026-01-24T09:00:00Z,24.3750000,4515,5349,1022.66
2026-01-24T10:00:00Z,24.4166667,4524,5349,1022.39
2026-01-24T11:00:00Z,24.4583333,4538,5350,1021.98
2026-01-24T12:00:00Z,24.5000000,4553,5355,1021.68
2026-01-24T13:00:00Z,24.5416667,4591,5392,1021.48
2026-01-24T14:00:00Z,24.5833333,4587,5370,1021.04
2026-01-24T15:00:00Z,24.6250000,4623,5390,1020.49
2026-01-24T16:00:00Z,24.6666667,4646,5396,1019.96
2026-01-24T17:00:00Z,24.7083333,4659,5400,1019.67
2026-01-24T18:00:00Z,24.7500000,4643,5370,1019.39
2026-01-24T19:00:00Z,24.7916667,4678,5398,1019.11
2026-01-24T20:00:00Z,24.8333333,4666,5372,1018.78
2026-01-24T21:00:00Z,24.8750000,4678,5368,1018.34
2026-01-24T22:00:00Z,24.9166667,4684,5351,1017.73
2026-01-24T23:00:00Z,24.9583333,4700,5358,1017.46
2026-01-25T00:00:00Z,25.0000000,4713,5357,1017.05
2026-01-25T01:00:00Z,25.0416667,4744,5366,1016.39
2026-01-25T02:00:00Z,25.0833333,4786,5390,1015.81
2026-01-25T03:00:00Z,25.1250000,4802,5382,1015.16
2026-01-25T04:00:00Z,25.1666667,4832,5390,1014.53
2026-01-25T05:00:00Z,25.2083333,4874,5405,1013.71
2026-01-25T06:00:00Z,25.2500000,4883,5389,1013.06
2026-01-25T07:00:00Z,25.2916667,4919,5414,1012.71
2026-01-25T08:00:00Z,25.3333333,4909,5396,1012.52
2026-01-25T09:00:00Z,25.3750000,4930,5403,1012.13
2026-01-25T10:00:00Z,25.4166667,4974,5429,1011.57
2026-01-25T11:00:00Z,25.4583333,4979,5415,1011.07
2026-01-25T12:00:00Z,25.5000000,5001,5411,1010.38
2026-01-25T13:00:00Z,25.5416667,5021,5411,1009.86
2026-01-25T14:00:00Z,25.5833333,5039,5407,1009.28
2026-01-25T15:00:00Z,25.6250000,5075,5421,1008.66
2026-01-25T16:00:00Z,25.6666667,5069,5395,1008.19
2026-01-25T17:00:00Z,25.7083333,5093,5399,1007.63
2026-01-25T18:00:00Z,25.7500000,5140,5424,1007.00
2026-01-25T19:00:00Z,25.7916667,5157,5424,1006.55
2026-01-25T20:00:00Z,25.8333333,5138,5399,1006.44
2026-01-25T21:00:00Z,25.8750000,5158,5401,1005.97
2026-01-25T22:00:00Z,25.9166667,5168,5399,1005.64
2026-01-25T23:00:00Z,25.9583333,5199,5421,1005.40
2026-01-26T00:00:00Z,26.0000000,5199,5417,1005.30
2026-01-26T01:00:00Z,26.0416667,5202,5412,1005.08
2026-01-26T02:00:00Z,26.0833333,5181,5397,1005.24
2026-01-26T03:00:00Z,26.1250000,5231,5453,1005.35
2026-01-26T04:00:00Z,26.1666667,5208,5442,1005.67
2026-01-26T05:00:00Z,26.2083333,5181,5424,1005.93
2026-01-26T06:00:00Z,26.2500000,5182,5438,1006.25
2026-01-26T07:00:00Z,26.2916667,5175,5456,1006.90
2026-01-26T08:00:00Z,26.3333333,5132,5431,1007.40
2026-01-26T09:00:00Z,26.3750000,5137,5451,1007.78
2026-01-26T10:00:00Z,26.4166667,5119,5438,1007.92
2026-01-26T11:00:00Z,26.4583333,5165,5491,1008.02
2026-01-26T12:00:00Z,26.5000000,5136,5458,1007.96
2026-01-26T13:00:00Z,26.5416667,5130,5452,1007.96
2026-01-26T14:00:00Z,26.5833333,5116,5448,1008.24
2026-01-26T15:00:00Z,26.6250000,5100,5432,1008.28
2026-01-26T16:00:00Z,26.6666667,5127,5467,1008.43
2026-01-26T17:00:00Z,26.7083333,5111,5452,1008.46
2026-01-26T18:00:00Z,26.7500000,5112,5457,1008.57
2026-01-26T19:00:00Z,26.7916667,5086,5435,1008.70
2026-01-26T20:00:00Z,26.8333333,5102,5456,1008.81
2026-01-26T21:00:00Z,26.8750000,5092,5445,1008.80
2026-01-26T22:00:00Z,26.9166667,5111,5458,1008.62
2026-01-26T23:00:00Z,26.9583333,5115,5456,1008.47
2026-01-27T00:00:00Z,27.0000000,5117,5449,1008.25
2026-01-27T01:00:00Z,27.0416667,5115,5445,1008.18
2026-01-27T02:00:00Z,27.0833333,5150,5487,1008.31
2026-01-27T03:00:00Z,27.1250000,5145,5474,1008.11
2026-01-27T04:00:00Z,27.1666667,5144,5472,1008.09
2026-01-27T05:00:00Z,27.2083333,5140,5471,1008.20
2026-01-27T06:00:00Z,27.2500000,5122,5455,1008.26
2026-01-27T07:00:00Z,27.2916667,5141,5490,1008.62
2026-01-27T08:00:00Z,27.3333333,5137,5499,1008.95
2026-01-27T09:00:00Z,27.3750000,5076,5463,1009.67
2026-01-27T10:00:00Z,27.4166667,5076,5478,1010.04
2026-01-27T11:00:00Z,27.4583333,5102,5520,1010.39
2026-01-27T12:00:00Z,27.5000000,5072,5502,1010.73
2026-01-27T13:00:00Z,27.5416667,5084,5523,1010.93
2026-01-27T14:00:00Z,27.5833333,5051,5504,1011.36
2026-01-27T15:00:00Z,27.6250000,5036,5510,1011.88
2026-01-27T16:00:00Z,27.6666667,4989,5476,1012.33
2026-01-27T17:00:00Z,27.7083333,4953,5451,1012.67
2026-01-27T18:00:00Z,27.7500000,4998,5516,1013.08
2026-01-27T19:00:00Z,27.7916667,4914,5448,1013.69
2026-01-27T20:00:00Z,27.8333333,4939,5496,1014.17
2026-01-27T21:00:00Z,27.8750000,4901,5479,1014.79
2026-01-27T22:00:00Z,27.9166667,4890,5480,1015.14
2026-01-27T23:00:00Z,27.9583333,4915,5513,1015.26
2026-01-28T00:00:00Z,28.0000000,4911,5506,1015.19
2026-01-28T01:00:00Z,28.0416667,4882,5490,1015.60
2026-01-28T02:00:00Z,28.0833333,4907,5526,1015.80
2026-01-28T03:00:00Z,28.1250000,4915,5536,1015.83
2026-01-28T04:00:00Z,28.1666667,4915,5536,1015.81
2026-01-28T05:00:00Z,28.2083333,4915,5531,1015.72
2026-01-28T06:00:00Z,28.2500000,4911,5532,1015.84
2026-01-28T07:00:00Z,28.2916667,4908,5547,1016.28
2026-01-28T08:00:00Z,28.3333333,4883,5527,1016.49
2026-01-28T09:00:00Z,28.3750000,4888,5531,1016.44
2026-01-28T10:00:00Z,28.4166667,4865,5507,1016.49
2026-01-28T11:00:00Z,28.4583333,4902,5542,1016.33
2026-01-28T12:00:00Z,28.5000000,4867,5494,1016.12
2026-01-28T13:00:00Z,28.5416667,4911,5539,1015.99
2026-01-28T14:00:00Z,28.5833333,4886,5501,1015.78
2026-01-28T15:00:00Z,28.6250000,4875,5488,1015.75
2026-01-28T16:00:00Z,28.6666667,4868,5483,1015.81
2026-01-28T17:00:00Z,28.7083333,4881,5494,1015.73
2026-01-28T18:00:00Z,28.7500000,4836,5444,1015.74
2026-01-28T19:00:00Z,28.7916667,4855,5457,1015.55
2026-01-28T20:00:00Z,28.8333333,4857,5461,1015.57
2026-01-28T21:00:00Z,28.8750000,4871,5474,1015.51
2026-01-28T22:00:00Z,28.9166667,4856,5460,1015.58
2026-01-28T23:00:00Z,28.9583333,4869,5477,1015.65
2026-01-29T00:00:00Z,29.0000000,4900,5513,1015.69
2026-01-29T01:00:00Z,29.0416667,4867,5473,1015.61
2026-01-29T02:00:00Z,29.0833333,4848,5452,1015.62
2026-01-29T03:00:00Z,29.1250000,4853,5456,1015.55
2026-01-29T04:00:00Z,29.1666667,4838,5453,1015.92
2026-01-29T05:00:00Z,29.2083333,4840,5474,1016.37
2026-01-29T06:00:00Z,29.2500000,4834,5489,1016.91
2026-01-29T07:00:00Z,29.2916667,4820,5500,1017.57
2026-01-29T08:00:00Z,29.3333333,4753,5458,1018.43
2026-01-29T09:00:00Z,29.3750000,4745,5467,1018.89
2026-01-29T10:00:00Z,29.4166667,4749,5482,1019.14
2026-01-29T11:00:00Z,29.4583333,4763,5507,1019.38
2026-01-29T12:00:00Z,29.5000000,4751,5508,1019.73
2026-01-29T13:00:00Z,29.5416667,4749,5512,1019.88
2026-01-29T14:00:00Z,29.5833333,4703,5475,1020.26
2026-01-29T15:00:00Z,29.6250000,4705,5486,1020.48
2026-01-29T16:00:00Z,29.6666667,4709,5499,1020.72
2026-01-29T17:00:00Z,29.7083333,4686,5480,1020.90
2026-01-29T18:00:00Z,29.7500000,4662,5465,1021.23
2026-01-29T19:00:00Z,29.7916667,4664,5476,1021.45
2026-01-29T20:00:00Z,29.8333333,4653,5478,1021.82
2026-01-29T21:00:00Z,29.8750000,4615,5453,1022.29
2026-01-29T22:00:00Z,29.9166667,4616,5471,1022.69
2026-01-29T23:00:00Z,29.9583333,4610,5470,1022.84
2026-01-30T00:00:00Z,30.0000000,4590,5459,1023.16
2026-01-30T01:00:00Z,30.0416667,4615,5495,1023.33
2026-01-30T02:00:00Z,30.0833333,4582,5465,1023.56
2026-01-30T03:00:00Z,30.1250000,4614,5514,1023.83
2026-01-30T04:00:00Z,30.1666667,4579,5485,1024.15
2026-01-30T05:00:00Z,30.2083333,4586,5496,1024.22
2026-01-30T06:00:00Z,30.2500000,4576,5499,1024.57
2026-01-30T07:00:00Z,30.2916667,4562,5509,1025.25
2026-01-30T08:00:00Z,30.3333333,4547,5514,1025.80
2026-01-30T09:00:00Z,30.3750000,4523,5511,1026.45
2026-01-30T10:00:00Z,30.4166667,4525,5531,1026.86
2026-01-30T11:00:00Z,30.4583333,4520,5537,1027.16
2026-01-30T12:00:00Z,30.5000000,4490,5511,1027.43
2026-01-30T13:00:00Z,30.5416667,4492,5521,1027.61
2026-01-30T14:00:00Z,30.5833333,4487,5528,1027.94
2026-01-30T15:00:00Z,30.6250000,4438,5480,1028.25
2026-01-30T16:00:00Z,30.6666667,4451,5504,1028.44
2026-01-30T17:00:00Z,30.7083333,4414,5480,1028.97
2026-01-30T18:00:00Z,30.7500000,4424,5499,1029.12
2026-01-30T19:00:00Z,30.7916667,4385,5460,1029.38
2026-01-30T20:00:00Z,30.8333333,4365,5450,1029.72
2026-01-30T21:00:00Z,30.8750000,4349,5447,1030.18
2026-01-30T22:00:00Z,30.9166667,4345,5458,1030.55
2026-01-30T23:00:00Z,30.9583333,4350,5473,1030.78
2026-01-31T00:00:00Z,31.0000000,4351,5484,1031.03
2026-01-31T01:00:00Z,31.0416667,4347,5491,1031.33
2026-01-31T02:00:00Z,31.0833333,4328,5474,1031.49
2026-01-31T03:00:00Z,31.1250000,4317,5457,1031.42
2026-01-31T04:00:00Z,31.1666667,4339,5482,1031.35
2026-01-31T05:00:00Z,31.2083333,4339,5483,1031.39
2026-01-31T06:00:00Z,31.2500000,4322,5473,1031.65
2026-01-31T07:00:00Z,31.2916667,4302,5468,1032.15
2026-01-31T08:00:00Z,31.3333333,4331,5514,1032.37
2026-01-31T09:00:00Z,31.3750000,4328,5521,1032.65
2026-01-31T10:00:00Z,31.4166667,4341,5546,1032.85
2026-01-31T11:00:00Z,31.4583333,4344,5548,1032.81
2026-01-31T12:00:00Z,31.5000000,4327,5529,1032.85
2026-01-31T13:00:00Z,31.5416667,4310,5508,1032.88
2026-01-31T14:00:00Z,31.5833333,4321,5520,1032.85
2026-01-31T15:00:00Z,31.6250000,4339,5539,1032.73
2026-01-31T16:00:00Z,31.6666667,4342,5535,1032.56
2026-01-31T17:00:00Z,31.7083333,4331,5514,1032.37
2026-01-31T18:00:00Z,31.7500000,4315,5490,1032.27
2026-01-31T19:00:00Z,31.7916667,4342,5520,1032.18
2026-01-31T20:00:00Z,31.8333333,4313,5485,1032.21
2026-01-31T21:00:00Z,31.8750000,4324,5498,1032.22
2026-01-31T22:00:00Z,31.9166667,4338,5517,1032.21
2026-01-31T23:00:00Z,31.9583333,4293,5460,1032.22
2026-02-01T00:00:00Z,32.0000000,4318,5495,1032.33
2026-02-01T01:00:00Z,32.0416667,4324,5501,1032.29
2026-02-01T02:00:00Z,32.0833333,4323,5494,1032.14
2026-02-01T03:00:00Z,32.1250000,4324,5490,1032.01
2026-02-01T04:00:00Z,32.1666667,4308,5462,1031.81
2026-02-01T05:00:00Z,32.2083333,4345,5503,1031.69
2026-02-01T06:00:00Z,32.2500000,4331,5487,1031.72
2026-02-01T07:00:00Z,32.2916667,4342,5503,1031.77
2026-02-01T08:00:00Z,32.3333333,4346,5511,1031.83
2026-02-01T09:00:00Z,32.3750000,4348,5511,1031.78
2026-02-01T10:00:00Z,32.4166667,4369,5525,1031.47
2026-02-01T11:00:00Z,32.4583333,4386,5533,1031.14
2026-02-01T12:00:00Z,32.5000000,4377,5514,1030.95
2026-02-01T13:00:00Z,32.5416667,4377,5514,1030.94
2026-02-01T14:00:00Z,32.5833333,4405,5549,1030.93
2026-02-01T15:00:00Z,32.6250000,4384,5518,1030.82
2026-02-01T16:00:00Z,32.6666667,4360,5474,1030.47
2026-02-01T17:00:00Z,32.7083333,4425,5541,1030.14
2026-02-01T18:00:00Z,32.7500000,4400,5508,1030.09
2026-02-01T19:00:00Z,32.7916667,4387,5491,1030.06
2026-02-01T20:00:00Z,32.8333333,4383,5483,1029.99
2026-02-01T21:00:00Z,32.8750000,4409,5510,1029.87
2026-02-01T22:00:00Z,32.9166667,4413,5511,1029.77
2026-02-01T23:00:00Z,32.9583333,4426,5516,1029.49
2026-02-02T00:00:00Z,33.0000000,4437,5519,1029.23
2026-02-02T01:00:00Z,33.0416667,4430,5500,1029.00
2026-02-02T02:00:00Z,33.0833333,4448,5515,1028.78
2026-02-02T03:00:00Z,33.1250000,4449,5506,1028.54
2026-02-02T04:00:00Z,33.1666667,4452,5499,1028.28
2026-02-02T05:00:00Z,33.2083333,4468,5515,1028.19
2026-02-02T06:00:00Z,33.2500000,4459,5503,1028.15
2026-02-02T07:00:00Z,33.2916667,4485,5526,1027.95
2026-02-02T08:00:00Z,33.3333333,4460,5494,1027.91
2026-02-02T09:00:00Z,33.3750000,4474,5508,1027.83
2026-02-02T10:00:00Z,33.4166667,4485,5506,1027.46
2026-02-02T11:00:00Z,33.4583333,4520,5533,1027.05
2026-02-02T12:00:00Z,33.5000000,4503,5507,1026.94
2026-02-02T13:00:00Z,33.5416667,4531,5530,1026.68
2026-02-02T14:00:00Z,33.5833333,4544,5534,1026.38
2026-02-02T15:00:00Z,33.6250000,4578,5561,1026.03
2026-02-02T16:00:00Z,33.6666667,4567,5543,1025.93
2026-02-02T17:00:00Z,33.7083333,4557,5519,1025.63
2026-02-02T18:00:00Z,33.7500000,4553,5512,1025.56
2026-02-02T19:00:00Z,33.7916667,4550,5508,1025.59
2026-02-02T20:00:00Z,33.8333333,4587,5555,1025.62
2026-02-02T21:00:00Z,33.8750000,4559,5507,1025.29
2026-02-02T22:00:00Z,33.9166667,4566,5511,1025.16
2026-02-02T23:00:00Z,33.9583333,4577,5515,1024.95
2026-02-03T00:00:00Z,34.0000000,4568,5502,1024.88
2026-02-03T01:00:00Z,34.0416667,4575,5508,1024.81
2026-02-03T02:00:00Z,34.0833333,4582,5512,1024.73
2026-02-03T03:00:00Z,34.1250000,4613,5547,1024.65
2026-02-03T04:00:00Z,34.1666667,4601,5528,1024.54
2026-02-03T05:00:00Z,34.2083333,4598,5527,1024.62
2026-02-03T06:00:00Z,34.2500000,4594,5523,1024.61
2026-02-03T07:00:00Z,34.2916667,4569,5500,1024.81
2026-02-03T08:00:00Z,34.3333333,4582,5526,1025.04
2026-02-03T09:00:00Z,34.3750000,4599,5550,1025.13
2026-02-03T10:00:00Z,34.4166667,4606,5555,1025.06
2026-02-03T11:00:00Z,34.4583333,4613,5574,1025.31
2026-02-03T12:00:00Z,34.5000000,4615,5578,1025.36
2026-02-03T13:00:00Z,34.5416667,4603,5564,1025.37
2026-02-03T14:00:00Z,34.5833333,4608,5578,1025.55
2026-02-03T15:00:00Z,34.6250000,4568,5529,1025.55
2026-02-03T16:00:00Z,34.6666667,4588,5557,1025.64
2026-02-03T17:00:00Z,34.7083333,4585,5560,1025.79
2026-02-03T18:00:00Z,34.7500000,4599,5582,1025.93
2026-02-03T19:00:00Z,34.7916667,4575,5560,1026.10
2026-02-03T20:00:00Z,34.8333333,4567,5551,1026.12
2026-02-03T21:00:00Z,34.8750000,4548,5534,1026.25
2026-02-03T22:00:00Z,34.9166667,4521,5497,1026.17
2026-02-03T23:00:00Z,34.9583333,4557,5526,1025.81
2026-02-04T00:00:00Z,35.0000000,4524,5483,1025.73
2026-02-04T01:00:00Z,35.0416667,4568,5527,1025.51
2026-02-04T02:00:00Z,35.0833333,4561,5506,1025.19
2026-02-04T03:00:00Z,35.1250000,4566,5504,1025.00
2026-02-04T04:00:00Z,35.1666667,4592,5530,1024.87
2026-02-04T05:00:00Z,35.2083333,4628,5560,1024.55
2026-02-04T06:00:00Z,35.2500000,4621,5546,1024.41
2026-02-04T07:00:00Z,35.2916667,4616,5540,1024.42
2026-02-04T08:00:00Z,35.3333333,4639,5565,1024.34
2026-02-04T09:00:00Z,35.3750000,4653,5583,1024.37
2026-02-04T10:00:00Z,35.4166667,4631,5546,1024.10
2026-02-04T11:00:00Z,35.4583333,4654,5561,1023.81
2026-02-04T12:00:00Z,35.5000000,4664,5556,1023.39
2026-02-04T13:00:00Z,35.5416667,4706,5585,1022.87
2026-02-04T14:00:00Z,35.5833333,4738,5600,1022.34
2026-02-04T15:00:00Z,35.6250000,4712,5552,1021.90
2026-02-04T16:00:00Z,35.6666667,4740,5563,1021.38
2026-02-04T17:00:00Z,35.7083333,4762,5570,1020.92
2026-02-04T18:00:00Z,35.7500000,4773,5564,1020.47
2026-02-04T19:00:00Z,35.7916667,4791,5564,1019.95
2026-02-04T20:00:00Z,35.8333333,4760,5521,1019.79
2026-02-04T21:00:00Z,35.8750000,4729,5477,1019.58
2026-02-04T22:00:00Z,35.9166667,4744,5475,1019.11
2026-02-04T23:00:00Z,35.9583333,4745,5449,1018.46
2026-02-05T00:00:00Z,36.0000000,4776,5461,1017.84
2026-02-05T01:00:00Z,36.0416667,4810,5481,1017.40
2026-02-05T02:00:00Z,36.0833333,4795,5449,1017.02
2026-02-05T03:00:00Z,36.1250000,4841,5487,1016.67
2026-02-05T04:00:00Z,36.1666667,4862,5496,1016.29
2026-02-05T05:00:00Z,36.2083333,4896,5522,1016.00
2026-02-05T06:00:00Z,36.2500000,4872,5490,1015.87
2026-02-05T07:00:00Z,36.2916667,4834,5462,1016.25
2026-02-05T08:00:00Z,36.3333333,4857,5490,1016.29
2026-02-05T09:00:00Z,36.3750000,4859,5507,1016.66
2026-02-05T10:00:00Z,36.4166667,4844,5482,1016.45
2026-02-05T11:00:00Z,36.4583333,4857,5502,1016.59
2026-02-05T12:00:00Z,36.5000000,4863,5507,1016.56
2026-02-05T13:00:00Z,36.5416667,4888,5526,1016.32
2026-02-05T14:00:00Z,36.5833333,4876,5507,1016.18
2026-02-05T15:00:00Z,36.6250000,4877,5519,1016.44
2026-02-05T16:00:00Z,36.6666667,4861,5498,1016.38
2026-02-05T17:00:00Z,36.7083333,4902,5534,1016.14
2026-02-05T18:00:00Z,36.7500000,4886,5509,1015.96
2026-02-05T19:00:00Z,36.7916667,4927,5551,1015.86
2026-02-05T20:00:00Z,36.8333333,4914,5536,1015.85
2026-02-05T21:00:00Z,36.8750000,4907,5531,1015.92
2026-02-05T22:00:00Z,36.9166667,4907,5518,1015.60
2026-02-05T23:00:00Z,36.9583333,4933,5518,1014.89
2026-02-06T00:00:00Z,37.0000000,4934,5518,1014.85
2026-02-06T01:00:00Z,37.0416667,4930,5498,1014.48
2026-02-06T02:00:00Z,37.0833333,4955,5513,1014.18
2026-02-06T03:00:00Z,37.1250000,4969,5521,1013.98
2026-02-06T04:00:00Z,37.1666667,4988,5534,1013.76
2026-02-06T05:00:00Z,37.2083333,4969,5508,1013.67
2026-02-06T06:00:00Z,37.2500000,4986,5512,1013.28
2026-02-06T07:00:00Z,37.2916667,5010,5537,1013.25
2026-02-06T08:00:00Z,37.3333333,5011,5539,1013.28
2026-02-06T09:00:00Z,37.3750000,4988,5510,1013.19
2026-02-06T10:00:00Z,37.4166667,5015,5528,1012.92
2026-02-06T11:00:00Z,37.4583333,5031,5532,1012.57
2026-02-06T12:00:00Z,37.5000000,5061,5540,1011.97
2026-02-06T13:00:00Z,37.5416667,5066,5543,1011.89
2026-02-06T14:00:00Z,37.5833333,5053,5514,1011.54
2026-02-06T15:00:00Z,37.6250000,5090,5553,1011.51
2026-02-06T16:00:00Z,37.6666667,5101,5562,1011.42
2026-02-06T17:00:00Z,37.7083333,5104,5556,1011.19
2026-02-06T18:00:00Z,37.7500000,5111,5564,1011.21
2026-02-06T19:00:00Z,37.7916667,5089,5555,1011.57
2026-02-06T20:00:00Z,37.8333333,5074,5550,1011.86
2026-02-06T21:00:00Z,37.8750000,5060,5547,1012.17
2026-02-06T22:00:00Z,37.9166667,5082,5576,1012.26
2026-02-06T23:00:00Z,37.9583333,5050,5561,1012.77
2026-02-07T00:00:00Z,38.0000000,5029,5549,1013.06
2026-02-07T01:00:00Z,38.0416667,5050,5578,1013.18
2026-02-07T02:00:00Z,38.0833333,5048,5594,1013.62
2026-02-07T03:00:00Z,38.1250000,4975,5545,1014.40
2026-02-07T04:00:00Z,38.1666667,4940,5537,1015.16
2026-02-07T05:00:00Z,38.2083333,4918,5543,1015.90
2026-02-07T06:00:00Z,38.2500000,4903,5569,1016.95
2026-02-07T07:00:00Z,38.2916667,4886,5581,1017.71
2026-02-07T08:00:00Z,38.3333333,4847,5573,1018.61
2026-02-07T09:00:00Z,38.3750000,4814,5574,1019.55
2026-02-07T10:00:00Z,38.4166667,4781,5562,1020.21
2026-02-07T11:00:00Z,38.4583333,4824,5630,1020.64
2026-02-07T12:00:00Z,38.5000000,4791,5614,1021.16
2026-02-07T13:00:00Z,38.5416667,4773,5616,1021.71
2026-02-07T14:00:00Z,38.5833333,4747,5613,1022.39
2026-02-07T15:00:00Z,38.6250000,4727,5604,1022.74
2026-02-07T16:00:00Z,38.6666667,4718,5609,1023.11
2026-02-07T17:00:00Z,38.7083333,4714,5617,1023.42
2026-02-07T18:00:00Z,38.7500000,4707,5615,1023.59
2026-02-07T19:00:00Z,38.7916667,4695,5616,1023.93
2026-02-07T20:00:00Z,38.8333333,4684,5607,1024.06
2026-02-07T21:00:00Z,38.8750000,4708,5633,1023.98
2026-02-07T22:00:00Z,38.9166667,4674,5594,1024.04
2026-02-07T23:00:00Z,38.9583333,4676,5588,1023.81
2026-02-08T00:00:00Z,39.0000000,4721,5624,1023.37
2026-02-08T01:00:00Z,39.0416667,4726,5617,1023.10
2026-02-08T02:00:00Z,39.0833333,4747,5623,1022.61
2026-02-08T03:00:00Z,39.1250000,4773,5635,1022.19
2026-02-08T04:00:00Z,39.1666667,4753,5586,1021.56
2026-02-08T05:00:00Z,39.2083333,4769,5579,1020.93
2026-02-08T06:00:00Z,39.2500000,4792,5575,1020.18
2026-02-08T07:00:00Z,39.2916667,4847,5609,1019.48
2026-02-08T08:00:00Z,39.3333333,4863,5595,1018.68
2026-02-08T09:00:00Z,39.3750000,4862,5572,1018.16
2026-02-08T10:00:00Z,39.4166667,4895,5597,1017.85
2026-02-08T11:00:00Z,39.4583333,4924,5609,1017.36
2026-02-08T12:00:00Z,39.5000000,4937,5596,1016.68
2026-02-08T13:00:00Z,39.5416667,4970,5611,1016.11
2026-02-08T14:00:00Z,39.5833333,4971,5604,1015.94
2026-02-08T15:00:00Z,39.6250000,4995,5608,1015.39
2026-02-08T16:00:00Z,39.6666667,5017,5606,1014.74
2026-02-08T17:00:00Z,39.7083333,5051,5628,1014.35
2026-02-08T18:00:00Z,39.7500000,5065,5628,1013.98
2026-02-08T19:00:00Z,39.7916667,5063,5604,1013.47
2026-02-08T20:00:00Z,39.8333333,5081,5611,1013.14
2026-02-08T21:00:00Z,39.8750000,5101,5610,1012.60
2026-02-08T22:00:00Z,39.9166667,5103,5594,1012.17
2026-02-08T23:00:00Z,39.9583333,5151,5619,1011.50
2026-02-09T00:00:00Z,40.0000000,5183,5622,1010.73
2026-02-09T01:00:00Z,40.0416667,5159,5579,1010.32
2026-02-09T02:00:00Z,40.0833333,5150,5554,1009.93
2026-02-09T03:00:00Z,40.1250000,5182,5581,1009.76
2026-02-09T04:00:00Z,40.1666667,5196,5569,1009.12
2026-02-09T05:00:00Z,40.2083333,5220,5573,1008.58
2026-02-09T06:00:00Z,40.2500000,5221,5572,1008.53
2026-02-09T07:00:00Z,40.2916667,5224,5580,1008.67
2026-02-09T08:00:00Z,40.3333333,5210,5577,1008.95
2026-02-09T09:00:00Z,40.3750000,5224,5589,1008.87
2026-02-09T10:00:00Z,40.4166667,5221,5580,1008.71
2026-02-09T11:00:00Z,40.4583333,5235,5590,1008.62
2026-02-09T12:00:00Z,40.5000000,5271,5622,1008.46
2026-02-09T13:00:00Z,40.5416667,5268,5613,1008.32
2026-02-09T14:00:00Z,40.5833333,5270,5614,1008.30
2026-02-09T15:00:00Z,40.6250000,5294,5636,1008.21
2026-02-09T16:00:00Z,40.6666667,5320,5656,1008.02
2026-02-09T17:00:00Z,40.7083333,5284,5618,1008.02
2026-02-09T18:00:00Z,40.7500000,5283,5617,1008.04
2026-02-09T19:00:00Z,40.7916667,5304,5636,1007.95
2026-02-09T20:00:00Z,40.8333333,5278,5607,1007.93
2026-02-09T21:00:00Z,40.8750000,5258,5579,1007.75
2026-02-09T22:00:00Z,40.9166667,5262,5578,1007.61
2026-02-09T23:00:00Z,40.9583333,5268,5581,1007.53
2026-02-10T00:00:00Z,41.0000000,5283,5584,1007.24
2026-02-10T01:00:00Z,41.0416667,5308,5596,1006.87
2026-02-10T02:00:00Z,41.0833333,5355,5632,1006.57
2026-02-10T03:00:00Z,41.1250000,5347,5616,1006.37
2026-02-10T04:00:00Z,41.1666667,5334,5589,1006.06
2026-02-10T05:00:00Z,41.2083333,5344,5584,1005.67
2026-02-10T06:00:00Z,41.2500000,5388,5620,1005.44
2026-02-10T07:00:00Z,41.2916667,5390,5620,1005.39
2026-02-10T08:00:00Z,41.3333333,5409,5633,1005.23
2026-02-10T09:00:00Z,41.3750000,5391,5604,1004.97
2026-02-10T10:00:00Z,41.4166667,5418,5610,1004.44
2026-02-10T11:00:00Z,41.4583333,5447,5628,1004.17
2026-02-10T12:00:00Z,41.5000000,5458,5614,1003.55
2026-02-10T13:00:00Z,41.5416667,5508,5645,1003.07
2026-02-10T14:00:00Z,41.5833333,5516,5641,1002.77
2026-02-10T15:00:00Z,41.6250000,5530,5645,1002.53
2026-02-10T16:00:00Z,41.6666667,5517,5611,1002.03
2026-02-10T17:00:00Z,41.7083333,5568,5645,1001.59
2026-02-10T18:00:00Z,41.7500000,5555,5616,1001.24
2026-02-10T19:00:00Z,41.7916667,5571,5615,1000.82
2026-02-10T20:00:00Z,41.8333333,5602,5640,1000.64
2026-02-10T21:00:00Z,41.8750000,5656,5682,1000.35
2026-02-10T22:00:00Z,41.9166667,5611,5629,1000.17
2026-02-10T23:00:00Z,41.9583333,5652,5653,999.76
2026-02-11T00:00:00Z,42.0000000,5665,5645,999.27
2026-02-11T01:00:00Z,42.0416667,5661,5623,998.85
2026-02-11T02:00:00Z,42.0833333,5699,5643,998.39
2026-02-11T03:00:00Z,42.1250000,5713,5647,998.17
2026-02-11T04:00:00Z,42.1666667,5726,5650,997.94
2026-02-11T05:00:00Z,42.2083333,5731,5639,997.55
2026-02-11T06:00:00Z,42.2500000,5738,5639,997.40
2026-02-11T07:00:00Z,42.2916667,5732,5635,997.44
2026-02-11T08:00:00Z,42.3333333,5743,5649,997.51
2026-02-11T09:00:00Z,42.3750000,5761,5667,997.53
2026-02-11T10:00:00Z,42.4166667,5762,5664,997.43
2026-02-11T11:00:00Z,42.4583333,5768,5659,997.17
2026-02-11T12:00:00Z,42.5000000,5795,5671,996.82
2026-02-11T13:00:00Z,42.5416667,5794,5662,996.63
2026-02-11T14:00:00Z,42.5833333,5763,5630,996.61
2026-02-11T15:00:00Z,42.6250000,5791,5656,996.56
2026-02-11T16:00:00Z,42.6666667,5765,5637,996.70
2026-02-11T17:00:00Z,42.7083333,5770,5640,996.66
2026-02-11T18:00:00Z,42.7500000,5779,5650,996.68
2026-02-11T19:00:00Z,42.7916667,5759,5628,996.65
2026-02-11T20:00:00Z,42.8333333,5816,5677,996.47
2026-02-11T21:00:00Z,42.8750000,5789,5658,996.67
2026-02-11T22:00:00Z,42.9166667,5794,5665,996.70
2026-02-11T23:00:00Z,42.9583333,5780,5645,996.54
2026-02-12T00:00:00Z,43.0000000,5788,5647,996.41
2026-02-12T01:00:00Z,43.0416667,5804,5662,996.40
2026-02-12T02:00:00Z,43.0833333,5784,5637,996.27
2026-02-12T03:00:00Z,43.1250000,5805,5651,996.11
2026-02-12T04:00:00Z,43.1666667,5806,5649,996.02
2026-02-12T05:00:00Z,43.2083333,5789,5640,996.24
2026-02-12T06:00:00Z,43.2500000,5796,5654,996.40
2026-02-12T07:00:00Z,43.2916667,5794,5666,996.71
2026-02-12T08:00:00Z,43.3333333,5745,5629,997.00
2026-02-12T09:00:00Z,43.3750000,5792,5683,997.16
2026-02-12T10:00:00Z,43.4166667,5750,5651,997.39
2026-02-12T11:00:00Z,43.4583333,5781,5688,997.55
2026-02-12T12:00:00Z,43.5000000,5762,5672,997.62
2026-02-12T13:00:00Z,43.5416667,5724,5643,997.82
2026-02-12T14:00:00Z,43.5833333,5724,5649,997.97
2026-02-12T15:00:00Z,43.6250000,5710,5645,998.20
2026-02-12T16:00:00Z,43.6666667,5702,5647,998.43
2026-02-12T17:00:00Z,43.7083333,5695,5649,998.66
2026-02-12T18:00:00Z,43.7500000,5661,5633,999.07
2026-02-12T19:00:00Z,43.7916667,5662,5649,999.41
2026-02-12T20:00:00Z,43.8333333,5651,5648,999.68
2026-02-12T21:00:00Z,43.8750000,5669,5672,999.82
2026-02-12T22:00:00Z,43.9166667,5669,5680,1000.01
2026-02-12T23:00:00Z,43.9583333,5682,5704,1000.27
2026-02-13T00:00:00Z,44.0000000,5675,5701,1000.36
2026-02-13T01:00:00Z,44.0416667,5656,5685,1000.45
2026-02-13T02:00:00Z,44.0833333,5634,5670,1000.61
2026-02-13T03:00:00Z,44.1250000,5642,5687,1000.82
2026-02-13T04:00:00Z,44.1666667,5602,5653,1000.97
2026-02-13T05:00:00Z,44.2083333,5602,5660,1001.14
2026-02-13T06:00:00Z,44.2500000,5591,5657,1001.33
2026-02-13T07:00:00Z,44.2916667,5578,5658,1001.67
2026-02-13T08:00:00Z,44.3333333,5600,5702,1002.19
2026-02-13T09:00:00Z,44.3750000,5577,5698,1002.62
2026-02-13T10:00:00Z,44.4166667,5559,5694,1002.97
2026-02-13T11:00:00Z,44.4583333,5562,5703,1003.12
2026-02-13T12:00:00Z,44.5000000,5568,5712,1003.19
2026-02-13T13:00:00Z,44.5416667,5539,5687,1003.32
2026-02-13T14:00:00Z,44.5833333,5563,5725,1003.62
2026-02-13T15:00:00Z,44.6250000,5497,5663,1003.76
2026-02-13T16:00:00Z,44.6666667,5477,5649,1003.93
2026-02-13T17:00:00Z,44.7083333,5494,5675,1004.12
2026-02-13T18:00:00Z,44.7500000,5486,5673,1004.28
2026-02-13T19:00:00Z,44.7916667,5460,5658,1004.56
2026-02-13T20:00:00Z,44.8333333,5447,5650,1004.69
2026-02-13T21:00:00Z,44.8750000,5442,5650,1004.81
2026-02-13T22:00:00Z,44.9166667,5465,5674,1004.83
2026-02-13T23:00:00Z,44.9583333,5477,5695,1005.00
2026-02-14T00:00:00Z,45.0000000,5449,5658,1004.82
2026-02-14T01:00:00Z,45.0416667,5459,5663,1004.70
2026-02-14T02:00:00Z,45.0833333,5469,5673,1004.70
2026-02-14T03:00:00Z,45.1250000,5433,5647,1004.95
2026-02-14T04:00:00Z,45.1666667,5415,5627,1004.92
2026-02-14T05:00:00Z,45.2083333,5422,5638,1005.03
2026-02-14T06:00:00Z,45.2500000,5405,5633,1005.31
2026-02-14T07:00:00Z,45.2916667,5407,5646,1005.58
2026-02-14T08:00:00Z,45.3333333,5407,5660,1005.92
2026-02-14T09:00:00Z,45.3750000,5405,5660,1005.95
2026-02-14T10:00:00Z,45.4166667,5427,5680,1005.89
2026-02-14T11:00:00Z,45.4583333,5394,5645,1005.87
2026-02-14T12:00:00Z,45.5000000,5431,5680,1005.78
2026-02-14T13:00:00Z,45.5416667,5412,5660,1005.80
2026-02-14T14:00:00Z,45.5833333,5428,5675,1005.76
2026-02-14T15:00:00Z,45.6250000,5433,5680,1005.75
2026-02-14T16:00:00Z,45.6666667,5429,5684,1005.95
2026-02-14T17:00:00Z,45.7083333,5451,5712,1006.07
2026-02-14T18:00:00Z,45.7500000,5386,5644,1006.07
2026-02-14T19:00:00Z,45.7916667,5377,5632,1006.02
2026-02-14T20:00:00Z,45.8333333,5387,5643,1006.01
2026-02-14T21:00:00Z,45.8750000,5366,5632,1006.28
2026-02-14T22:00:00Z,45.9166667,5373,5649,1006.51
2026-02-14T23:00:00Z,45.9583333,5393,5680,1006.76
2026-02-15T00:00:00Z,46.0000000,5382,5665,1006.68
2026-02-15T01:00:00Z,46.0416667,5369,5657,1006.81
2026-02-15T02:00:00Z,46.0833333,5374,5661,1006.77
2026-02-15T03:00:00Z,46.1250000,5341,5627,1006.81
2026-02-15T04:00:00Z,46.1666667,5340,5640,1007.13
2026-02-15T05:00:00Z,46.2083333,5391,5697,1007.20
2026-02-15T06:00:00Z,46.2500000,5376,5684,1007.26
2026-02-15T07:00:00Z,46.2916667,5372,5677,1007.20
2026-02-15T08:00:00Z,46.3333333,5369,5675,1007.23
2026-02-15T09:00:00Z,46.3750000,5358,5660,1007.15
2026-02-15T10:00:00Z,46.4166667,5339,5637,1007.08
2026-02-15T11:00:00Z,46.4583333,5374,5665,1006.87
2026-02-15T12:00:00Z,46.5000000,5398,5676,1006.53
2026-02-15T13:00:00Z,46.5416667,5380,5655,1006.48
2026-02-15T14:00:00Z,46.5833333,5405,5671,1006.25
2026-02-15T15:00:00Z,46.6250000,5396,5663,1006.28
2026-02-15T16:00:00Z,46.6666667,5371,5641,1006.37
2026-02-15T17:00:00Z,46.7083333,5374,5642,1006.32
2026-02-15T18:00:00Z,46.7500000,5380,5641,1006.15
2026-02-15T19:00:00Z,46.7916667,5370,5624,1005.99
2026-02-15T20:00:00Z,46.8333333,5371,5630,1006.11
2026-02-15T21:00:00Z,46.8750000,5373,5623,1005.89
2026-02-15T22:00:00Z,46.9166667,5401,5650,1005.83
2026-02-15T23:00:00Z,46.9583333,5378,5621,1005.73
2026-02-16T00:00:00Z,47.0000000,5395,5638,1005.69
2026-02-16T01:00:00Z,47.0416667,5403,5642,1005.60
2026-02-16T02:00:00Z,47.0833333,5377,5612,1005.52
2026-02-16T03:00:00Z,47.1250000,5400,5639,1005.61
2026-02-16T04:00:00Z,47.1666667,5383,5622,1005.60
2026-02-16T05:00:00Z,47.2083333,5405,5645,1005.61
2026-02-16T06:00:00Z,47.2500000,5385,5624,1005.61
2026-02-16T07:00:00Z,47.2916667,5393,5643,1005.86
2026-02-16T08:00:00Z,47.3333333,5376,5624,1005.83
2026-02-16T09:00:00Z,47.3750000,5413,5661,1005.79
2026-02-16T10:00:00Z,47.4166667,5417,5659,1005.66
2026-02-16T11:00:00Z,47.4583333,5393,5643,1005.84
2026-02-16T12:00:00Z,47.5000000,5425,5672,1005.76
2026-02-16T13:00:00Z,47.5416667,5404,5648,1005.72
2026-02-16T14:00:00Z,47.5833333,5403,5648,1005.75
2026-02-16T15:00:00Z,47.6250000,5356,5601,1005.78
2026-02-16T16:00:00Z,47.6666667,5396,5640,1005.72
2026-02-16T17:00:00Z,47.7083333,5389,5628,1005.59
2026-02-16T18:00:00Z,47.7500000,5361,5599,1005.60
2026-02-16T19:00:00Z,47.7916667,5365,5606,1005.70
2026-02-16T20:00:00Z,47.8333333,5371,5616,1005.77
2026-02-16T21:00:00Z,47.8750000,5374,5609,1005.52
2026-02-16T22:00:00Z,47.9166667,5373,5603,1005.41
2026-02-16T23:00:00Z,47.9583333,5351,5580,1005.40
2026-02-17T00:00:00Z,48.0000000,5386,5611,1005.29
2026-02-17T01:00:00Z,48.0416667,5374,5591,1005.10
2026-02-17T02:00:00Z,48.0833333,5379,5587,1004.86
2026-02-17T03:00:00Z,48.1250000,5382,5583,1004.71
2026-02-17T04:00:00Z,48.1666667,5400,5595,1004.55
2026-02-17T05:00:00Z,48.2083333,5377,5572,1004.56
2026-02-17T06:00:00Z,48.2500000,5410,5602,1004.47
2026-02-17T07:00:00Z,48.2916667,5409,5603,1004.51
2026-02-17T08:00:00Z,48.3333333,5401,5606,1004.77
2026-02-17T09:00:00Z,48.3750000,5380,5601,1005.18
2026-02-17T10:00:00Z,48.4166667,5389,5626,1005.56
2026-02-17T11:00:00Z,48.4583333,5377,5627,1005.88
2026-02-17T12:00:00Z,48.5000000,5343,5602,1006.14
2026-02-17T13:00:00Z,48.5416667,5348,5618,1006.41
2026-02-17T14:00:00Z,48.5833333,5371,5646,1006.51
2026-02-17T15:00:00Z,48.6250000,5355,5629,1006.49
2026-02-17T16:00:00Z,48.6666667,5349,5626,1006.57
2026-02-17T17:00:00Z,48.7083333,5362,5648,1006.76
2026-02-17T18:00:00Z,48.7500000,5331,5621,1006.90
2026-02-17T19:00:00Z,48.7916667,5293,5593,1007.19
2026-02-17T20:00:00Z,48.8333333,5319,5633,1007.49
2026-02-17T21:00:00Z,48.8750000,5286,5602,1007.58
2026-02-17T22:00:00Z,48.9166667,5276,5608,1007.98
2026-02-17T23:00:00Z,48.9583333,5283,5629,1008.31
2026-02-18T00:00:00Z,49.0000000,5260,5610,1008.44
2026-02-18T01:00:00Z,49.0416667,5264,5618,1008.53
2026-02-18T02:00:00Z,49.0833333,5269,5623,1008.53
2026-02-18T03:00:00Z,49.1250000,5259,5619,1008.68
2026-02-18T04:00:00Z,49.1666667,5284,5640,1008.55
2026-02-18T05:00:00Z,49.2083333,5250,5606,1008.60
2026-02-18T06:00:00Z,49.2500000,5264,5622,1008.64
2026-02-18T07:00:00Z,49.2916667,5279,5638,1008.64
2026-02-18T08:00:00Z,49.3333333,5271,5635,1008.78
2026-02-18T09:00:00Z,49.3750000,5276,5650,1009.00
2026-02-18T10:00:00Z,49.4166667,5276,5653,1009.07
2026-02-18T11:00:00Z,49.4583333,5259,5634,1009.04
2026-02-18T12:00:00Z,49.5000000,5287,5667,1009.11
2026-02-18T13:00:00Z,49.5416667,5261,5639,1009.10
2026-02-18T14:00:00Z,49.5833333,5255,5637,1009.24
2026-02-18T15:00:00Z,49.6250000,5279,5675,1009.52
2026-02-18T16:00:00Z,49.6666667,5242,5651,1009.89
2026-02-18T17:00:00Z,49.7083333,5238,5661,1010.22
2026-02-18T18:00:00Z,49.7500000,5243,5681,1010.58
2026-02-18T19:00:00Z,49.7916667,5209,5665,1011.10
2026-02-18T20:00:00Z,49.8333333,5156,5640,1011.86
2026-02-18T21:00:00Z,49.8750000,5127,5618,1012.12
2026-02-18T22:00:00Z,49.9166667,5131,5634,1012.36
2026-02-18T23:00:00Z,49.9583333,5129,5636,1012.49
2026-02-19T00:00:00Z,50.0000000,5161,5676,1012.60
2026-02-19T01:00:00Z,50.0416667,5117,5635,1012.79
2026-02-19T02:00:00Z,50.0833333,5139,5666,1012.93
2026-02-19T03:00:00Z,50.1250000,5095,5624,1013.09
2026-02-19T04:00:00Z,50.1666667,5111,5643,1013.13
2026-02-19T05:00:00Z,50.2083333,5111,5657,1013.46
2026-02-19T06:00:00Z,50.2500000,5088,5647,1013.83
2026-02-19T07:00:00Z,50.2916667,5097,5668,1014.10
2026-02-19T08:00:00Z,50.3333333,5089,5669,1014.34
2026-02-19T09:00:00Z,50.3750000,5073,5657,1014.45
2026-02-19T10:00:00Z,50.4166667,5078,5652,1014.23
2026-02-19T11:00:00Z,50.4583333,5109,5680,1014.06
2026-02-19T12:00:00Z,50.5000000,5107,5677,1014.06
2026-02-19T13:00:00Z,50.5416667,5109,5684,1014.17
2026-02-19T14:00:00Z,50.5833333,5137,5714,1014.11
2026-02-19T15:00:00Z,50.6250000,5124,5698,1014.08
2026-02-19T16:00:00Z,50.6666667,5104,5676,1014.11
2026-02-19T17:00:00Z,50.7083333,5111,5684,1014.10
2026-02-19T18:00:00Z,50.7500000,5101,5672,1014.10
2026-02-19T19:00:00Z,50.7916667,5088,5659,1014.12
2026-02-19T20:00:00Z,50.8333333,5106,5668,1013.85
2026-02-19T21:00:00Z,50.8750000,5105,5665,1013.83
2026-02-19T22:00:00Z,50.9166667,5138,5698,1013.72
2026-02-19T23:00:00Z,50.9583333,5136,5675,1013.21
2026-02-20T00:00:00Z,51.0000000,5161,5684,1012.79
2026-02-20T01:00:00Z,51.0416667,5173,5691,1012.64
2026-02-20T02:00:00Z,51.0833333,5193,5693,1012.17
2026-02-20T03:00:00Z,51.1250000,5198,5686,1011.87
2026-02-20T04:00:00Z,51.1666667,5198,5674,1011.58
2026-02-20T05:00:00Z,51.2083333,5213,5677,1011.25
2026-02-20T06:00:00Z,51.2500000,5232,5669,1010.59
2026-02-20T07:00:00Z,51.2916667,5235,5666,1010.45
2026-02-20T08:00:00Z,51.3333333,5246,5676,1010.39
2026-02-20T09:00:00Z,51.3750000,5277,5687,1009.85
2026-02-20T10:00:00Z,51.4166667,5274,5672,1009.56
2026-02-20T11:00:00Z,51.4583333,5326,5703,1009.00
2026-02-20T12:00:00Z,51.5000000,5342,5696,1008.42
2026-02-20T13:00:00Z,51.5416667,5353,5681,1007.80
2026-02-20T14:00:00Z,51.5833333,5365,5667,1007.15
2026-02-20T15:00:00Z,51.6250000,5431,5705,1006.39
2026-02-20T16:00:00Z,51.6666667,5450,5695,1005.67
2026-02-20T17:00:00Z,51.7083333,5474,5682,1004.80
2026-02-20T18:00:00Z,51.7500000,5491,5671,1004.09
2026-02-20T19:00:00Z,51.7916667,5522,5666,1003.22
2026-02-20T20:00:00Z,51.8333333,5550,5656,1002.31
2026-02-20T21:00:00Z,51.8750000,5602,5673,1001.45
2026-02-20T22:00:00Z,51.9166667,5607,5655,1000.87
2026-02-20T23:00:00Z,51.9583333,5658,5673,1000.11
2026-02-21T00:00:00Z,52.0000000,5681,5660,999.24
2026-02-21T01:00:00Z,52.0416667,5691,5635,998.41
2026-02-21T02:00:00Z,52.0833333,5669,5600,998.10
2026-02-21T03:00:00Z,52.1250000,5661,5576,997.70
2026-02-21T04:00:00Z,52.1666667,5690,5586,997.23
2026-02-21T05:00:00Z,52.2083333,5751,5637,997.03
2026-02-21T06:00:00Z,52.2500000,5764,5640,996.82
2026-02-21T07:00:00Z,52.2916667,5723,5603,996.89
2026-02-21T08:00:00Z,52.3333333,5709,5588,996.86
2026-02-21T09:00:00Z,52.3750000,5702,5583,996.89
2026-02-21T10:00:00Z,52.4166667,5715,5595,996.88
2026-02-21T11:00:00Z,52.4583333,5671,5551,996.85
2026-02-21T12:00:00Z,52.5000000,5668,5542,996.69
2026-02-21T13:00:00Z,52.5416667,5671,5535,996.44
2026-02-21T14:00:00Z,52.5833333,5686,5534,996.08
2026-02-21T15:00:00Z,52.6250000,5652,5485,995.68
2026-02-21T16:00:00Z,52.6666667,5679,5500,995.40
2026-02-21T17:00:00Z,52.7083333,5673,5483,995.13
2026-02-21T18:00:00Z,52.7500000,5720,5511,994.72
2026-02-21T19:00:00Z,52.7916667,5705,5481,994.32
2026-02-21T20:00:00Z,52.8333333,5702,5473,994.19
2026-02-21T21:00:00Z,52.8750000,5722,5487,994.07
2026-02-21T22:00:00Z,52.9166667,5728,5496,994.15
2026-02-21T23:00:00Z,52.9583333,5729,5492,994.02
2026-02-22T00:00:00Z,53.0000000,5753,5520,994.13
2026-02-22T01:00:00Z,53.0416667,5757,5542,994.61
2026-02-22T02:00:00Z,53.0833333,5743,5545,995.01
2026-02-22T03:00:00Z,53.1250000,5742,5554,995.24
2026-02-22T04:00:00Z,53.1666667,5751,5576,995.56
2026-02-22T05:00:00Z,53.2083333,5717,5560,995.97
2026-02-22T06:00:00Z,53.2500000,5707,5570,996.48
2026-02-22T07:00:00Z,53.2916667,5674,5559,996.98
2026-02-22T08:00:00Z,53.3333333,5653,5559,997.47
2026-02-22T09:00:00Z,53.3750000,5615,5538,997.89
2026-02-22T10:00:00Z,53.4166667,5562,5507,998.41
2026-02-22T11:00:00Z,53.4583333,5618,5578,998.77
2026-02-22T12:00:00Z,53.5000000,5546,5519,999.07
2026-02-22T13:00:00Z,53.5416667,5552,5540,999.45
2026-02-22T14:00:00Z,53.5833333,5546,5551,999.88
2026-02-22T15:00:00Z,53.6250000,5555,5574,1000.21
2026-02-22T16:00:00Z,53.6666667,5509,5545,1000.62
2026-02-22T17:00:00Z,53.7083333,5516,5560,1000.83
2026-02-22T18:00:00Z,53.7500000,5477,5528,1000.99
2026-02-22T19:00:00Z,53.7916667,5481,5551,1001.44
2026-02-22T20:00:00Z,53.8333333,5432,5519,1001.90
2026-02-22T21:00:00Z,53.8750000,5416,5515,1002.19
2026-02-22T22:00:00Z,53.9166667,5424,5531,1002.38
2026-02-22T23:00:00Z,53.9583333,5405,5523,1002.67
2026-02-23T00:00:00Z,54.0000000,5384,5524,1003.20
2026-02-23T01:00:00Z,54.0416667,5386,5527,1003.22
2026-02-23T02:00:00Z,54.0833333,5376,5528,1003.53
2026-02-23T03:00:00Z,54.1250000,5379,5535,1003.62
2026-02-23T04:00:00Z,54.1666667,5392,5554,1003.72
2026-02-23T05:00:00Z,54.2083333,5377,5549,1004.00
2026-02-23T06:00:00Z,54.2500000,5349,5539,1004.46
2026-02-23T07:00:00Z,54.2916667,5333,5544,1004.99
2026-02-23T08:00:00Z,54.3333333,5357,5577,1005.19
2026-02-23T09:00:00Z,54.3750000,5332,5568,1005.60
2026-02-23T10:00:00Z,54.4166667,5354,5608,1006.01
2026-02-23T11:00:00Z,54.4583333,5352,5613,1006.19
2026-02-23T12:00:00Z,54.5000000,5332,5599,1006.34
2026-02-23T13:00:00Z,54.5416667,5368,5645,1006.54
2026-02-23T14:00:00Z,54.5833333,5281,5566,1006.84
2026-02-23T15:00:00Z,54.6250000,5296,5602,1007.33
2026-02-23T16:00:00Z,54.6666667,5269,5586,1007.62
2026-02-23T17:00:00Z,54.7083333,5266,5596,1007.94
2026-02-23T18:00:00Z,54.7500000,5225,5572,1008.41
2026-02-23T19:00:00Z,54.7916667,5208,5580,1009.07
2026-02-23T20:00:00Z,54.8333333,5202,5598,1009.66
2026-02-23T21:00:00Z,54.8750000,5150,5562,1010.14
2026-02-23T22:00:00Z,54.9166667,5132,5564,1010.68
2026-02-23T23:00:00Z,54.9583333,5125,5576,1011.16
2026-02-24T00:00:00Z,55.0000000,5088,5556,1011.62
2026-02-24T01:00:00Z,55.0416667,5074,5558,1012.06
2026-02-24T02:00:00Z,55.0833333,5040,5550,1012.77
2026-02-24T03:00:00Z,55.1250000,5034,5573,1013.49
2026-02-24T04:00:00Z,55.1666667,4998,5565,1014.25
2026-02-24T05:00:00Z,55.2083333,4989,5591,1015.13
2026-02-24T06:00:00Z,55.2500000,4958,5588,1015.92
2026-02-24T07:00:00Z,55.2916667,4952,5602,1016.40
2026-02-24T08:00:00Z,55.3333333,4927,5603,1017.14
2026-02-24T09:00:00Z,55.3750000,4882,5585,1017.93
2026-02-24T10:00:00Z,55.4166667,4863,5583,1018.41
2026-02-24T11:00:00Z,55.4583333,4879,5626,1018.99
2026-02-24T12:00:00Z,55.5000000,4856,5625,1019.62
2026-02-24T13:00:00Z,55.5416667,4832,5619,1020.14
2026-02-24T14:00:00Z,55.5833333,4813,5621,1020.70
2026-02-24T15:00:00Z,55.6250000,4813,5636,1021.08
2026-02-24T16:00:00Z,55.6666667,4774,5608,1021.48
2026-02-24T17:00:00Z,55.7083333,4745,5594,1021.97
2026-02-24T18:00:00Z,55.7500000,4724,5579,1022.20
2026-02-24T19:00:00Z,55.7916667,4754,5621,1022.38
2026-02-24T20:00:00Z,55.8333333,4730,5605,1022.67
2026-02-24T21:00:00Z,55.8750000,4736,5621,1022.90
2026-02-24T22:00:00Z,55.9166667,4706,5583,1022.85
2026-02-24T23:00:00Z,55.9583333,4716,5595,1022.85
2026-02-25T00:00:00Z,56.0000000,4720,5603,1022.92
2026-02-25T01:00:00Z,56.0416667,4734,5621,1022.95
2026-02-25T02:00:00Z,56.0833333,4684,5567,1023.07
2026-02-25T03:00:00Z,56.1250000,4720,5603,1022.90
2026-02-25T04:00:00Z,56.1666667,4711,5586,1022.78
2026-02-25T05:00:00Z,56.2083333,4736,5634,1023.21
2026-02-25T06:00:00Z,56.2500000,4709,5603,1023.25
2026-02-25T07:00:00Z,56.2916667,4724,5612,1023.01
2026-02-25T08:00:00Z,56.3333333,4726,5614,1023.01
2026-02-25T09:00:00Z,56.3750000,4730,5615,1022.92
2026-02-25T10:00:00Z,56.4166667,4760,5631,1022.46
2026-02-25T11:00:00Z,56.4583333,4786,5647,1022.10
2026-02-25T12:00:00Z,56.5000000,4764,5613,1021.90
2026-02-25T13:00:00Z,56.5416667,4800,5627,1021.22
2026-02-25T14:00:00Z,56.5833333,4851,5656,1020.49
2026-02-25T15:00:00Z,56.6250000,4836,5620,1020.06
2026-02-25T16:00:00Z,56.6666667,4895,5669,1019.56
2026-02-25T17:00:00Z,56.7083333,4925,5670,1018.79
2026-02-25T18:00:00Z,56.7500000,4899,5615,1018.18
2026-02-25T19:00:00Z,56.7916667,4927,5628,1017.73
2026-02-25T20:00:00Z,56.8333333,4923,5610,1017.39
2026-02-25T21:00:00Z,56.8750000,4939,5607,1016.89
2026-02-25T22:00:00Z,56.9166667,4989,5625,1015.96
2026-02-25T23:00:00Z,56.9583333,5003,5597,1014.90
2026-02-26T00:00:00Z,57.0000000,5053,5622,1014.16
2026-02-26T01:00:00Z,57.0416667,5043,5584,1013.51
2026-02-26T02:00:00Z,57.0833333,5104,5622,1012.80
2026-02-26T03:00:00Z,57.1250000,5108,5598,1012.13
2026-02-26T04:00:00Z,57.1666667,5149,5618,1011.55
2026-02-26T05:00:00Z,57.2083333,5156,5603,1010.98
2026-02-26T06:00:00Z,57.2500000,5168,5597,1010.52
2026-02-26T07:00:00Z,57.2916667,5189,5595,1009.93
2026-02-26T08:00:00Z,57.3333333,5221,5604,1009.32
2026-02-26T09:00:00Z,57.3750000,5229,5595,1008.90
2026-02-26T10:00:00Z,57.4166667,5272,5619,1008.37
2026-02-26T11:00:00Z,57.4583333,5290,5616,1007.82
2026-02-26T12:00:00Z,57.5000000,5333,5635,1007.19
2026-02-26T13:00:00Z,57.5416667,5386,5658,1006.38
2026-02-26T14:00:00Z,57.5833333,5372,5616,1005.73
2026-02-26T15:00:00Z,57.6250000,5431,5653,1005.16
2026-02-26T16:00:00Z,57.6666667,5398,5593,1004.55
2026-02-26T17:00:00Z,57.7083333,5431,5600,1003.90
2026-02-26T18:00:00Z,57.7500000,5472,5616,1003.26
2026-02-26T19:00:00Z,57.7916667,5487,5601,1002.53
2026-02-26T20:00:00Z,57.8333333,5540,5635,1002.06
2026-02-26T21:00:00Z,57.8750000,5533,5604,1001.45
2026-02-26T22:00:00Z,57.9166667,5541,5587,1000.87
2026-02-26T23:00:00Z,57.9583333,5608,5621,1000.05
2026-02-27T00:00:00Z,58.0000000,5601,5590,999.49
2026-02-27T01:00:00Z,58.0416667,5597,5578,999.29
2026-02-27T02:00:00Z,58.0833333,5603,5570,998.95
2026-02-27T03:00:00Z,58.1250000,5656,5603,998.45
2026-02-27T04:00:00Z,58.1666667,5658,5593,998.19
2026-02-27T05:00:00Z,58.2083333,5616,5562,998.43
2026-02-27T06:00:00Z,58.2500000,5630,5580,998.54
2026-02-27T07:00:00Z,58.2916667,5666,5615,998.53
2026-02-27T08:00:00Z,58.3333333,5651,5620,999.00
2026-02-27T09:00:00Z,58.3750000,5640,5623,999.33
2026-02-27T10:00:00Z,58.4166667,5632,5634,999.79
2026-02-27T11:00:00Z,58.4583333,5598,5614,1000.12
2026-02-27T12:00:00Z,58.5000000,5623,5651,1000.40
2026-02-27T13:00:00Z,58.5416667,5626,5655,1000.44
2026-02-27T14:00:00Z,58.5833333,5639,5667,1000.40
2026-02-27T15:00:00Z,58.6250000,5619,5641,1000.26
2026-02-27T16:00:00Z,58.6666667,5628,5657,1000.44
2026-02-27T17:00:00Z,58.7083333,5597,5622,1000.35
2026-02-27T18:00:00Z,58.7500000,5611,5634,1000.31
2026-02-27T19:00:00Z,58.7916667,5609,5628,1000.21
2026-02-27T20:00:00Z,58.8333333,5576,5596,1000.24
2026-02-27T21:00:00Z,58.8750000,5575,5615,1000.71
2026-02-27T22:00:00Z,58.9166667,5546,5605,1001.19
2026-02-27T23:00:00Z,58.9583333,5524,5616,1001.99
